timestamp,station_id,current_level,warning_level,danger_level,rising_velocity,status
2026-09-04T07:57:17+00:00,roshi_panauti,2.41,4.20,5.50,-0.030,STEADY
2026-09-04T07:57:17+00:00,bagmati_balkhu,3.35,5.50,7.00,0.090,RISING
2026-09-04T07:57:17+00:00,bagmati_gaurighat,4.13,6.80,8.00,-0.020,STEADY
2026-09-04T07:57:17+00:00,bagmati_sundarijal,2.72,4.50,5.80,-0.080,FALLING
2026-09-04T07:57:17+00:00,bagmati_chobhar,4.67,7.00,8.50,-0.060,FALLING
2026-09-04T07:57:17+00:00,nakkhu_lele,2.23,4.00,5.20,-0.070,FALLING
2026-09-04T07:57:17+00:00,roshi_panauti,2.45,4.20,5.50,-0.060,FALLING
2026-09-04T07:57:17+00:00,koshi_chatara,4.99,6.00,7.50,-0.080,FALLING
2026-09-04T07:57:17+00:00,narayani_devghat,5.50,7.30,9.00,-0.040,STEADY
2026-09-04T07:57:17+00:00,melamchi_helambu,2.79,4.80,6.00,-0.040,STEADY
2026-09-04T07:57:17+00:00,west_rapti_kusum,3.30,5.40,6.80,0.080,RISING
2026-09-04T07:57:17+00:00,babai_chepang,3.84,6.10,7.40,0.090,RISING
2026-09-04T07:57:17+00:00,karnali_chisapani,6.66,10.00,12.00,0.010,STEADY
2026-09-04T07:57:17+00:00,kamala_ranibas,2.51,4.50,5.80,0.140,RISING
2026-09-04T07:57:17+00:00,kankai_mainachuli,2.29,4.20,5.60,0.140,RISING
2026-09-04T08:10:34+00:00,bagmati_balkhu,3.38,5.50,7.00,0.060,RISING
2026-09-04T08:10:34+00:00,bagmati_gaurighat,4.28,6.80,8.00,0.030,STEADY
2026-09-04T08:10:34+00:00,bagmati_sundarijal,2.82,4.50,5.80,0.040,STEADY
2026-09-04T08:10:34+00:00,bagmati_chobhar,4.72,7.00,8.50,-0.020,STEADY
2026-09-04T08:10:34+00:00,nakkhu_lele,2.25,4.00,5.20,-0.000,STEADY
2026-09-04T08:10:34+00:00,roshi_panauti,2.38,4.20,5.50,-0.040,STEADY
2026-09-04T08:10:34+00:00,koshi_chatara,4.92,6.00,7.50,0.020,STEADY
2026-09-04T08:10:34+00:00,narayani_devghat,5.51,7.30,9.00,0.090,RISING
2026-09-04T08:10:34+00:00,melamchi_helambu,2.79,4.80,6.00,-0.010,STEADY
2026-09-04T08:10:34+00:00,west_rapti_kusum,3.33,5.40,6.80,0.120,RISING
2026-09-04T08:10:34+00:00,babai_chepang,3.99,6.10,7.40,0.020,STEADY
2026-09-04T08:10:34+00:00,karnali_chisapani,6.65,10.00,12.00,0.090,RISING
2026-09-04T08:10:34+00:00,kamala_ranibas,2.62,4.50,5.80,0.000,STEADY
2026-09-04T08:10:34+00:00,kankai_mainachuli,2.31,4.20,5.60,0.020,STEADY
2026-09-04T10:44:36+00:00,bagmati_balkhu,3.04,5.50,7.00,0.120,RISING
2026-09-04T10:44:36+00:00,bagmati_gaurighat,4.09,6.80,8.00,-0.050,STEADY
2026-09-04T10:44:36+00:00,bagmati_sundarijal,2.60,4.50,5.80,0.090,RISING
2026-09-04T10:44:36+00:00,bagmati_chobhar,4.45,7.00,8.50,-0.090,FALLING
2026-09-04T10:44:36+00:00,nakkhu_lele,2.08,4.00,5.20,0.150,RISING
2026-09-04T10:44:36+00:00,roshi_panauti,2.32,4.20,5.50,-0.040,STEADY
2026-09-04T10:44:36+00:00,koshi_chatara,4.65,6.00,7.50,-0.050,STEADY
2026-09-04T10:44:36+00:00,narayani_devghat,5.33,7.30,9.00,-0.090,FALLING
2026-09-04T10:44:36+00:00,melamchi_helambu,2.66,4.80,6.00,-0.080,FALLING
2026-09-04T10:44:36+00:00,west_rapti_kusum,2.92,5.40,6.80,0.040,STEADY
2026-09-04T10:44:36+00:00,babai_chepang,3.64,6.10,7.40,-0.070,FALLING
2026-09-04T10:44:36+00:00,karnali_chisapani,6.42,10.00,12.00,0.050,STEADY
2026-09-04T10:44:36+00:00,kamala_ranibas,2.49,4.50,5.80,-0.070,FALLING
2026-09-04T10:44:36+00:00,kankai_mainachuli,2.09,4.20,5.60,-0.060,FALLING
2026-09-04T14:34:54+00:00,bagmati_balkhu,3.43,5.50,7.00,-0.040,STEADY
2026-09-04T14:34:54+00:00,bagmati_gaurighat,4.28,6.80,8.00,0.100,RISING
2026-09-04T14:34:54+00:00,bagmati_sundarijal,2.72,4.50,5.80,0.010,STEADY
2026-09-04T14:34:54+00:00,bagmati_chobhar,4.66,7.00,8.50,-0.040,STEADY
2026-09-04T14:34:54+00:00,nakkhu_lele,2.31,4.00,5.20,0.050,STEADY
2026-09-04T14:34:54+00:00,roshi_panauti,2.48,4.20,5.50,0.080,RISING
2026-09-04T14:34:54+00:00,koshi_chatara,4.88,6.00,7.50,0.140,RISING
2026-09-04T14:34:54+00:00,narayani_devghat,5.64,7.30,9.00,-0.020,STEADY
2026-09-04T14:34:54+00:00,melamchi_helambu,2.89,4.80,6.00,-0.080,FALLING
2026-09-04T14:34:54+00:00,west_rapti_kusum,3.29,5.40,6.80,-0.030,STEADY
2026-09-04T14:34:54+00:00,babai_chepang,3.88,6.10,7.40,-0.040,STEADY
2026-09-04T14:34:54+00:00,karnali_chisapani,6.60,10.00,12.00,-0.030,STEADY
2026-09-04T14:34:54+00:00,kamala_ranibas,2.58,4.50,5.80,-0.010,STEADY
2026-09-04T14:34:54+00:00,kankai_mainachuli,2.35,4.20,5.60,-0.050,STEADY
2026-09-04T17:49:57+00:00,bagmati_balkhu,3.03,5.50,7.00,0.060,RISING
2026-09-04T17:49:57+00:00,bagmati_gaurighat,3.86,6.80,8.00,-0.030,STEADY
2026-09-04T17:49:57+00:00,bagmati_sundarijal,2.45,4.50,5.80,0.120,RISING
2026-09-04T17:49:57+00:00,bagmati_chobhar,4.29,7.00,8.50,0.090,RISING
2026-09-04T17:49:57+00:00,nakkhu_lele,1.86,4.00,5.20,0.020,STEADY
2026-09-04T17:49:57+00:00,roshi_panauti,2.25,4.20,5.50,0.130,RISING
2026-09-04T17:49:57+00:00,koshi_chatara,4.66,6.00,7.50,-0.080,FALLING
2026-09-04T17:49:57+00:00,narayani_devghat,5.34,7.30,9.00,0.000,STEADY
2026-09-04T17:49:57+00:00,melamchi_helambu,2.47,4.80,6.00,-0.050,STEADY
2026-09-04T17:49:57+00:00,west_rapti_kusum,2.96,5.40,6.80,0.010,STEADY
2026-09-04T17:49:57+00:00,babai_chepang,3.58,6.10,7.40,0.020,STEADY
2026-09-04T17:49:57+00:00,karnali_chisapani,6.40,10.00,12.00,-0.020,STEADY
2026-09-04T17:49:57+00:00,kamala_ranibas,2.26,4.50,5.80,-0.100,FALLING
2026-09-04T17:49:57+00:00,kankai_mainachuli,2.14,4.20,5.60,-0.040,STEADY
2026-09-04T20:22:33+00:00,bagmati_balkhu,3.42,5.50,7.00,0.060,RISING
2026-09-04T20:22:33+00:00,bagmati_gaurighat,4.25,6.80,8.00,0.150,RISING
2026-09-04T20:22:33+00:00,bagmati_sundarijal,2.65,4.50,5.80,0.070,RISING
2026-09-04T20:22:33+00:00,bagmati_chobhar,4.62,7.00,8.50,0.110,RISING
2026-09-04T20:22:33+00:00,nakkhu_lele,2.25,4.00,5.20,-0.080,FALLING
2026-09-04T20:22:33+00:00,roshi_panauti,2.38,4.20,5.50,-0.020,STEADY
2026-09-04T20:22:33+00:00,koshi_chatara,4.87,6.00,7.50,-0.040,STEADY
2026-09-04T20:22:33+00:00,narayani_devghat,5.52,7.30,9.00,-0.030,STEADY
2026-09-04T20:22:33+00:00,melamchi_helambu,2.85,4.80,6.00,-0.090,FALLING
2026-09-04T20:22:33+00:00,west_rapti_kusum,3.20,5.40,6.80,0.090,RISING
2026-09-04T20:22:33+00:00,babai_chepang,3.95,6.10,7.40,0.050,STEADY
2026-09-04T20:22:33+00:00,karnali_chisapani,6.54,10.00,12.00,-0.020,STEADY
2026-09-04T20:22:33+00:00,kamala_ranibas,2.66,4.50,5.80,-0.030,STEADY
2026-09-04T20:22:33+00:00,kankai_mainachuli,2.27,4.20,5.60,0.030,STEADY
2026-09-04T22:28:49+00:00,bagmati_balkhu,3.10,5.50,7.00,-0.040,STEADY
2026-09-04T22:28:49+00:00,bagmati_gaurighat,4.00,6.80,8.00,-0.100,FALLING
2026-09-04T22:28:49+00:00,bagmati_sundarijal,2.57,4.50,5.80,-0.060,FALLING
2026-09-04T22:28:49+00:00,bagmati_chobhar,4.51,7.00,8.50,-0.020,STEADY
2026-09-04T22:28:49+00:00,nakkhu_lele,2.09,4.00,5.20,-0.060,FALLING
2026-09-04T22:28:49+00:00,roshi_panauti,2.38,4.20,5.50,-0.050,STEADY
2026-09-04T22:28:49+00:00,koshi_chatara,4.87,6.00,7.50,-0.020,STEADY
2026-09-04T22:28:49+00:00,narayani_devghat,5.37,7.30,9.00,-0.040,STEADY
2026-09-04T22:28:49+00:00,melamchi_helambu,2.67,4.80,6.00,0.120,RISING
2026-09-04T22:28:49+00:00,west_rapti_kusum,3.07,5.40,6.80,-0.020,STEADY
2026-09-04T22:28:49+00:00,babai_chepang,3.70,6.10,7.40,0.020,STEADY
2026-09-04T22:28:49+00:00,karnali_chisapani,6.55,10.00,12.00,0.000,STEADY
2026-09-04T22:28:49+00:00,kamala_ranibas,2.48,4.50,5.80,0.010,STEADY
2026-09-04T22:28:49+00:00,kankai_mainachuli,2.16,4.20,5.60,-0.080,FALLING
2026-09-05T00:19:30+00:00,bagmati_balkhu,3.16,5.50,7.00,0.120,RISING
2026-09-05T00:19:30+00:00,bagmati_gaurighat,4.17,6.80,8.00,0.110,RISING
2026-09-05T00:19:30+00:00,bagmati_sundarijal,2.67,4.50,5.80,-0.080,FALLING
2026-09-05T00:19:30+00:00,bagmati_chobhar,4.41,7.00,8.50,0.040,STEADY
2026-09-05T00:19:30+00:00,nakkhu_lele,2.17,4.00,5.20,0.070,RISING
2026-09-05T00:19:30+00:00,roshi_panauti,2.36,4.20,5.50,-0.010,STEADY
2026-09-05T00:19:30+00:00,koshi_chatara,4.78,6.00,7.50,-0.090,FALLING
2026-09-05T00:19:30+00:00,narayani_devghat,5.43,7.30,9.00,0.020,STEADY
2026-09-05T00:19:30+00:00,melamchi_helambu,2.68,4.80,6.00,-0.060,FALLING
2026-09-05T00:19:30+00:00,west_rapti_kusum,3.17,5.40,6.80,-0.070,FALLING
2026-09-05T00:19:30+00:00,babai_chepang,3.70,6.10,7.40,-0.030,STEADY
2026-09-05T00:19:30+00:00,karnali_chisapani,6.41,10.00,12.00,0.070,RISING
2026-09-05T00:19:30+00:00,kamala_ranibas,2.45,4.50,5.80,0.040,STEADY
2026-09-05T00:19:30+00:00,kankai_mainachuli,2.26,4.20,5.60,0.080,RISING
2026-09-05T04:49:50+00:00,bagmati_balkhu,3.17,5.50,7.00,-0.030,STEADY
2026-09-05T04:49:50+00:00,bagmati_gaurighat,3.97,6.80,8.00,-0.080,FALLING
2026-09-05T04:49:50+00:00,bagmati_sundarijal,2.41,4.50,5.80,0.050,STEADY
2026-09-05T04:49:50+00:00,bagmati_chobhar,4.33,7.00,8.50,0.040,STEADY
2026-09-05T04:49:50+00:00,nakkhu_lele,2.03,4.00,5.20,-0.080,FALLING
2026-09-05T04:49:50+00:00,roshi_panauti,2.25,4.20,5.50,-0.000,STEADY
2026-09-05T04:49:50+00:00,koshi_chatara,4.65,6.00,7.50,0.050,STEADY
2026-09-05T04:49:50+00:00,narayani_devghat,5.27,7.30,9.00,0.130,RISING
2026-09-05T04:49:50+00:00,melamchi_helambu,2.58,4.80,6.00,-0.020,STEADY
2026-09-05T04:49:50+00:00,west_rapti_kusum,3.07,5.40,6.80,-0.030,STEADY
2026-09-05T04:49:50+00:00,babai_chepang,3.72,6.10,7.40,0.080,RISING
2026-09-05T04:49:50+00:00,karnali_chisapani,6.32,10.00,12.00,-0.100,FALLING
2026-09-05T04:49:50+00:00,kamala_ranibas,2.30,4.50,5.80,0.140,RISING
2026-09-05T04:49:50+00:00,kankai_mainachuli,2.13,4.20,5.60,-0.040,STEADY
2026-09-05T08:50:59+00:00,bagmati_balkhu,3.44,5.50,7.00,0.010,STEADY
2026-09-05T08:50:59+00:00,bagmati_gaurighat,4.16,6.80,8.00,0.040,STEADY
2026-09-05T08:50:59+00:00,bagmati_sundarijal,2.71,4.50,5.80,0.120,RISING
2026-09-05T08:50:59+00:00,bagmati_chobhar,4.60,7.00,8.50,0.070,RISING
2026-09-05T08:50:59+00:00,nakkhu_lele,2.16,4.00,5.20,0.010,STEADY
2026-09-05T08:50:59+00:00,roshi_panauti,2.47,4.20,5.50,-0.030,STEADY
2026-09-05T08:50:59+00:00,koshi_chatara,5.00,6.00,7.50,0.020,STEADY
2026-09-05T08:50:59+00:00,narayani_devghat,5.51,7.30,9.00,0.090,RISING
2026-09-05T08:50:59+00:00,melamchi_helambu,2.88,4.80,6.00,-0.030,STEADY
2026-09-05T08:50:59+00:00,west_rapti_kusum,3.21,5.40,6.80,0.130,RISING
2026-09-05T08:50:59+00:00,babai_chepang,4.01,6.10,7.40,0.100,RISING
2026-09-05T08:50:59+00:00,karnali_chisapani,6.63,10.00,12.00,0.070,RISING
2026-09-05T08:50:59+00:00,kamala_ranibas,2.64,4.50,5.80,0.060,RISING
2026-09-05T08:50:59+00:00,kankai_mainachuli,2.29,4.20,5.60,-0.040,STEADY
2026-09-05T12:52:15+00:00,roshi_panauti,2.29,4.20,5.50,0.070,RISING
2026-09-05T12:52:15+00:00,bagmati_balkhu,3.04,5.50,7.00,0.130,RISING
2026-09-05T12:52:15+00:00,bagmati_gaurighat,3.98,6.80,8.00,0.040,STEADY
2026-09-05T12:52:15+00:00,bagmati_sundarijal,2.53,4.50,5.80,0.120,RISING
2026-09-05T12:52:15+00:00,bagmati_chobhar,4.41,7.00,8.50,-0.070,FALLING
2026-09-05T12:52:15+00:00,nakkhu_lele,2.00,4.00,5.20,-0.010,STEADY
2026-09-05T12:52:15+00:00,roshi_panauti,2.18,4.20,5.50,-0.080,FALLING
2026-09-05T12:52:15+00:00,koshi_chatara,4.66,6.00,7.50,0.010,STEADY
2026-09-05T12:52:15+00:00,narayani_devghat,5.33,7.30,9.00,-0.070,FALLING
2026-09-05T12:52:15+00:00,melamchi_helambu,2.60,4.80,6.00,0.150,RISING
2026-09-05T12:52:15+00:00,west_rapti_kusum,3.02,5.40,6.80,-0.100,FALLING
2026-09-05T12:52:15+00:00,babai_chepang,3.64,6.10,7.40,0.100,RISING
2026-09-05T12:52:15+00:00,karnali_chisapani,6.37,10.00,12.00,0.060,RISING
2026-09-05T12:52:15+00:00,kamala_ranibas,2.46,4.50,5.80,-0.080,FALLING
2026-09-05T12:52:15+00:00,kankai_mainachuli,2.07,4.20,5.60,0.030,STEADY
2026-09-05T12:55:47+00:00,roshi_panauti,2.26,4.20,5.50,0.070,RISING
2026-09-05T12:55:47+00:00,bagmati_balkhu,3.09,5.50,7.00,-0.090,FALLING
2026-09-05T12:55:47+00:00,bagmati_gaurighat,3.96,6.80,8.00,0.110,RISING
2026-09-05T12:55:47+00:00,bagmati_sundarijal,2.51,4.50,5.80,-0.000,STEADY
2026-09-05T12:55:47+00:00,bagmati_chobhar,4.47,7.00,8.50,-0.060,FALLING
2026-09-05T12:55:47+00:00,nakkhu_lele,2.06,4.00,5.20,-0.080,FALLING
2026-09-05T12:55:47+00:00,roshi_panauti,2.16,4.20,5.50,0.040,STEADY
2026-09-05T12:55:47+00:00,koshi_chatara,4.78,6.00,7.50,-0.090,FALLING
2026-09-05T12:55:47+00:00,narayani_devghat,5.37,7.30,9.00,-0.020,STEADY
2026-09-05T12:55:47+00:00,melamchi_helambu,2.67,4.80,6.00,0.100,RISING
2026-09-05T12:55:47+00:00,west_rapti_kusum,2.96,5.40,6.80,-0.010,STEADY
2026-09-05T12:55:47+00:00,babai_chepang,3.62,6.10,7.40,-0.050,STEADY
2026-09-05T12:55:47+00:00,karnali_chisapani,6.46,10.00,12.00,0.030,STEADY
2026-09-05T12:55:47+00:00,kamala_ranibas,2.39,4.50,5.80,-0.040,STEADY
2026-09-05T12:55:47+00:00,kankai_mainachuli,2.05,4.20,5.60,-0.020,STEADY
2026-09-05T13:03:39+00:00,roshi_panauti,2.37,4.20,5.50,-0.070,FALLING
2026-09-05T13:03:39+00:00,bagmati_balkhu,3.33,5.50,7.00,0.050,STEADY
2026-09-05T13:03:39+00:00,bagmati_gaurighat,4.10,6.80,8.00,-0.070,FALLING
2026-09-05T13:03:39+00:00,bagmati_sundarijal,2.59,4.50,5.80,-0.040,STEADY
2026-09-05T13:03:39+00:00,bagmati_chobhar,4.66,7.00,8.50,-0.050,STEADY
2026-09-05T13:03:39+00:00,nakkhu_lele,2.07,4.00,5.20,-0.040,STEADY
2026-09-05T13:03:39+00:00,roshi_panauti,2.32,4.20,5.50,0.110,RISING
2026-09-05T13:03:39+00:00,koshi_chatara,4.90,6.00,7.50,-0.060,FALLING
2026-09-05T13:03:39+00:00,narayani_devghat,5.47,7.30,9.00,-0.040,STEADY
2026-09-05T13:03:39+00:00,melamchi_helambu,2.78,4.80,6.00,0.140,RISING
2026-09-05T13:03:39+00:00,west_rapti_kusum,3.17,5.40,6.80,0.150,RISING
2026-09-05T13:03:39+00:00,babai_chepang,3.90,6.10,7.40,0.140,RISING
2026-09-05T13:03:39+00:00,karnali_chisapani,6.54,10.00,12.00,0.120,RISING
2026-09-05T13:03:39+00:00,kamala_ranibas,2.51,4.50,5.80,-0.080,FALLING
2026-09-05T13:03:39+00:00,kankai_mainachuli,2.19,4.20,5.60,0.090,RISING
2026-09-05T13:13:40+00:00,roshi_panauti,2.40,4.20,5.50,-0.060,FALLING
2026-09-05T13:13:40+00:00,bagmati_balkhu,3.30,5.50,7.00,-0.090,FALLING
2026-09-05T13:13:40+00:00,bagmati_gaurighat,4.25,6.80,8.00,-0.040,STEADY
2026-09-05T13:13:40+00:00,bagmati_sundarijal,2.76,4.50,5.80,0.070,RISING
2026-09-05T13:13:40+00:00,bagmati_chobhar,4.50,7.00,8.50,0.010,STEADY
2026-09-05T13:13:40+00:00,nakkhu_lele,2.17,4.00,5.20,0.110,RISING
2026-09-05T13:13:40+00:00,roshi_panauti,2.42,4.20,5.50,0.100,RISING
2026-09-05T13:13:40+00:00,koshi_chatara,4.83,6.00,7.50,0.110,RISING
2026-09-05T13:13:40+00:00,narayani_devghat,5.50,7.30,9.00,0.140,RISING
2026-09-05T13:13:40+00:00,melamchi_helambu,2.80,4.80,6.00,-0.040,STEADY
2026-09-05T13:13:40+00:00,west_rapti_kusum,3.21,5.40,6.80,0.070,RISING
2026-09-05T13:13:40+00:00,babai_chepang,3.81,6.10,7.40,0.140,RISING
2026-09-05T13:13:40+00:00,karnali_chisapani,6.65,10.00,12.00,0.060,RISING
2026-09-05T13:13:40+00:00,kamala_ranibas,2.64,4.50,5.80,-0.050,STEADY
2026-09-05T13:13:40+00:00,kankai_mainachuli,2.28,4.20,5.60,0.060,RISING
2026-09-05T13:15:43+00:00,roshi_panauti,2.37,4.20,5.50,-0.050,STEADY
2026-09-05T13:15:43+00:00,bagmati_balkhu,3.36,5.50,7.00,0.110,RISING
2026-09-05T13:15:43+00:00,bagmati_gaurighat,4.14,6.80,8.00,-0.050,STEADY
2026-09-05T13:15:43+00:00,bagmati_sundarijal,2.62,4.50,5.80,-0.070,FALLING
2026-09-05T13:15:43+00:00,bagmati_chobhar,4.63,7.00,8.50,-0.080,FALLING
2026-09-05T13:15:43+00:00,nakkhu_lele,2.17,4.00,5.20,0.020,STEADY
2026-09-05T13:15:43+00:00,roshi_panauti,2.45,4.20,5.50,0.040,STEADY
2026-09-05T13:15:43+00:00,koshi_chatara,4.82,6.00,7.50,-0.100,FALLING
2026-09-05T13:15:43+00:00,narayani_devghat,5.54,7.30,9.00,-0.030,STEADY
2026-09-05T13:15:43+00:00,melamchi_helambu,2.80,4.80,6.00,0.050,STEADY
2026-09-05T13:15:43+00:00,west_rapti_kusum,3.26,5.40,6.80,0.060,RISING
2026-09-05T13:15:43+00:00,babai_chepang,3.88,6.10,7.40,0.130,RISING
2026-09-05T13:15:43+00:00,karnali_chisapani,6.53,10.00,12.00,0.070,RISING
2026-09-05T13:15:43+00:00,kamala_ranibas,2.58,4.50,5.80,0.040,STEADY
2026-09-05T13:15:43+00:00,kankai_mainachuli,2.20,4.20,5.60,-0.030,STEADY
2026-09-07T15:48:53+00:00,roshi_panauti,2.40,4.20,5.50,-0.100,FALLING
2026-09-07T15:48:53+00:00,bagmati_balkhu,3.39,5.50,7.00,0.030,STEADY
2026-09-07T15:48:53+00:00,bagmati_gaurighat,4.11,6.80,8.00,0.130,RISING
2026-09-07T15:48:53+00:00,bagmati_sundarijal,2.68,4.50,5.80,0.050,STEADY
2026-09-07T15:48:53+00:00,bagmati_chobhar,4.60,7.00,8.50,0.100,RISING
2026-09-07T15:48:53+00:00,nakkhu_lele,2.22,4.00,5.20,0.060,RISING
2026-09-07T15:48:53+00:00,roshi_panauti,2.43,4.20,5.50,0.030,STEADY
2026-09-07T15:48:53+00:00,koshi_chatara,4.85,6.00,7.50,0.030,STEADY
2026-09-07T15:48:53+00:00,narayani_devghat,5.44,7.30,9.00,0.040,STEADY
2026-09-07T15:48:53+00:00,melamchi_helambu,2.87,4.80,6.00,0.000,STEADY
2026-09-07T15:48:53+00:00,west_rapti_kusum,3.23,5.40,6.80,0.080,RISING
2026-09-07T15:48:53+00:00,babai_chepang,3.88,6.10,7.40,0.020,STEADY
2026-09-07T15:48:53+00:00,karnali_chisapani,6.69,10.00,12.00,0.060,RISING
2026-09-07T15:48:53+00:00,kamala_ranibas,2.67,4.50,5.80,0.140,RISING
2026-09-07T15:48:53+00:00,kankai_mainachuli,2.29,4.20,5.60,0.070,RISING
2026-09-07T16:04:30+00:00,bagmati_balkhu,3.14,5.50,7.00,-0.050,STEADY
2026-09-07T16:04:30+00:00,bagmati_gaurighat,4.07,6.80,8.00,0.060,RISING
2026-09-07T16:04:30+00:00,bagmati_sundarijal,2.62,4.50,5.80,0.090,RISING
2026-09-07T16:04:30+00:00,bagmati_chobhar,4.53,7.00,8.50,-0.060,FALLING
2026-09-07T16:04:30+00:00,nakkhu_lele,2.11,4.00,5.20,0.010,STEADY
2026-09-07T16:04:30+00:00,roshi_panauti,2.20,4.20,5.50,-0.040,STEADY
2026-09-07T16:04:30+00:00,koshi_chatara,4.72,6.00,7.50,-0.030,STEADY
2026-09-07T16:04:30+00:00,narayani_devghat,5.30,7.30,9.00,0.130,RISING
2026-09-07T16:04:30+00:00,melamchi_helambu,2.58,4.80,6.00,0.060,RISING
2026-09-07T16:04:30+00:00,west_rapti_kusum,3.06,5.40,6.80,-0.030,STEADY
2026-09-07T16:04:30+00:00,babai_chepang,3.66,6.10,7.40,0.140,RISING
2026-09-07T16:04:30+00:00,karnali_chisapani,6.37,10.00,12.00,-0.030,STEADY
2026-09-07T16:04:30+00:00,kamala_ranibas,2.46,4.50,5.80,0.010,STEADY
2026-09-07T16:04:30+00:00,kankai_mainachuli,2.12,4.20,5.60,0.120,RISING
2026-09-07T16:07:17+00:00,roshi_panauti,2.18,4.20,5.50,0.060,RISING
2026-09-07T16:07:17+00:00,bagmati_balkhu,3.09,5.50,7.00,0.140,RISING
2026-09-07T16:07:17+00:00,bagmati_gaurighat,3.97,6.80,8.00,0.080,RISING
2026-09-07T16:07:17+00:00,bagmati_sundarijal,2.57,4.50,5.80,-0.020,STEADY
2026-09-07T16:07:17+00:00,bagmati_chobhar,4.47,7.00,8.50,-0.020,STEADY
2026-09-07T16:07:17+00:00,nakkhu_lele,2.07,4.00,5.20,-0.020,STEADY
2026-09-07T16:07:17+00:00,roshi_panauti,2.34,4.20,5.50,-0.060,FALLING
2026-09-07T16:07:17+00:00,koshi_chatara,4.79,6.00,7.50,0.010,STEADY
2026-09-07T16:07:17+00:00,narayani_devghat,5.39,7.30,9.00,0.120,RISING
2026-09-07T16:07:17+00:00,melamchi_helambu,2.67,4.80,6.00,0.130,RISING
2026-09-07T16:07:17+00:00,west_rapti_kusum,3.00,5.40,6.80,0.040,STEADY
2026-09-07T16:07:17+00:00,babai_chepang,3.77,6.10,7.40,-0.020,STEADY
2026-09-07T16:07:17+00:00,karnali_chisapani,6.46,10.00,12.00,-0.090,FALLING
2026-09-07T16:07:17+00:00,kamala_ranibas,2.36,4.50,5.80,0.140,RISING
2026-09-07T16:07:17+00:00,kankai_mainachuli,2.22,4.20,5.60,0.070,RISING
2026-09-07T16:07:38+00:00,roshi_panauti,2.26,4.20,5.50,0.100,RISING
2026-09-07T16:07:38+00:00,bagmati_balkhu,3.10,5.50,7.00,0.080,RISING
2026-09-07T16:07:38+00:00,bagmati_gaurighat,4.08,6.80,8.00,0.000,STEADY
2026-09-07T16:07:38+00:00,bagmati_sundarijal,2.56,4.50,5.80,-0.050,STEADY
2026-09-07T16:07:38+00:00,bagmati_chobhar,4.51,7.00,8.50,-0.020,STEADY
2026-09-07T16:07:38+00:00,nakkhu_lele,2.01,4.00,5.20,-0.010,STEADY
2026-09-07T16:07:38+00:00,roshi_panauti,2.32,4.20,5.50,0.030,STEADY
2026-09-07T16:07:38+00:00,koshi_chatara,4.67,6.00,7.50,0.020,STEADY
2026-09-07T16:07:38+00:00,narayani_devghat,5.26,7.30,9.00,-0.070,FALLING
2026-09-07T16:07:38+00:00,melamchi_helambu,2.69,4.80,6.00,0.060,RISING
2026-09-07T16:07:38+00:00,west_rapti_kusum,2.99,5.40,6.80,-0.030,STEADY
2026-09-07T16:07:38+00:00,babai_chepang,3.76,6.10,7.40,-0.080,FALLING
2026-09-07T16:07:38+00:00,karnali_chisapani,6.46,10.00,12.00,0.070,RISING
2026-09-07T16:07:38+00:00,kamala_ranibas,2.41,4.50,5.80,-0.040,STEADY
2026-09-07T16:07:38+00:00,kankai_mainachuli,2.16,4.20,5.60,0.040,STEADY
2026-09-07T16:08:08+00:00,roshi_panauti,2.21,4.20,5.50,-0.100,FALLING
2026-09-07T16:08:08+00:00,bagmati_balkhu,3.17,5.50,7.00,0.110,RISING
2026-09-07T16:08:08+00:00,bagmati_gaurighat,4.02,6.80,8.00,0.030,STEADY
2026-09-07T16:08:08+00:00,bagmati_sundarijal,2.59,4.50,5.80,-0.040,STEADY
2026-09-07T16:08:08+00:00,bagmati_chobhar,4.41,7.00,8.50,0.140,RISING
2026-09-07T16:08:08+00:00,nakkhu_lele,1.98,4.00,5.20,0.060,RISING
2026-09-07T16:08:08+00:00,roshi_panauti,2.24,4.20,5.50,-0.080,FALLING
2026-09-07T16:08:08+00:00,koshi_chatara,4.85,6.00,7.50,-0.090,FALLING
2026-09-07T16:08:08+00:00,narayani_devghat,5.44,7.30,9.00,-0.010,STEADY
2026-09-07T16:08:08+00:00,melamchi_helambu,2.70,4.80,6.00,0.040,STEADY
2026-09-07T16:08:08+00:00,west_rapti_kusum,3.15,5.40,6.80,-0.030,STEADY
2026-09-07T16:08:08+00:00,babai_chepang,3.85,6.10,7.40,-0.030,STEADY
2026-09-07T16:08:08+00:00,karnali_chisapani,6.39,10.00,12.00,-0.030,STEADY
2026-09-07T16:08:08+00:00,kamala_ranibas,2.50,4.50,5.80,0.130,RISING
2026-09-07T16:08:08+00:00,kankai_mainachuli,2.25,4.20,5.60,-0.020,STEADY
2026-09-07T16:11:01+00:00,roshi_panauti,2.18,4.20,5.50,-0.030,STEADY
2026-09-07T16:11:01+00:00,bagmati_balkhu,3.24,5.50,7.00,0.130,RISING
2026-09-07T16:11:01+00:00,bagmati_gaurighat,4.04,6.80,8.00,0.040,STEADY
2026-09-07T16:11:01+00:00,bagmati_sundarijal,2.49,4.50,5.80,0.060,RISING
2026-09-07T16:11:01+00:00,bagmati_chobhar,4.55,7.00,8.50,-0.020,STEADY
2026-09-07T16:11:01+00:00,nakkhu_lele,1.99,4.00,5.20,0.070,RISING
2026-09-07T16:11:01+00:00,roshi_panauti,2.27,4.20,5.50,0.020,STEADY
2026-09-07T16:11:01+00:00,koshi_chatara,4.79,6.00,7.50,0.030,STEADY
2026-09-07T16:11:01+00:00,narayani_devghat,5.38,7.30,9.00,0.130,RISING
2026-09-07T16:11:01+00:00,melamchi_helambu,2.69,4.80,6.00,0.110,RISING
2026-09-07T16:11:01+00:00,west_rapti_kusum,3.01,5.40,6.80,0.050,STEADY
2026-09-07T16:11:01+00:00,babai_chepang,3.77,6.10,7.40,0.000,STEADY
2026-09-07T16:11:01+00:00,karnali_chisapani,6.53,10.00,12.00,0.050,STEADY
2026-09-07T16:11:01+00:00,kamala_ranibas,2.51,4.50,5.80,-0.070,FALLING
2026-09-07T16:11:01+00:00,kankai_mainachuli,2.15,4.20,5.60,0.130,RISING
2026-09-07T16:19:18+00:00,bagmati_balkhu,3.17,5.50,7.00,0.130,RISING
2026-09-07T16:19:18+00:00,bagmati_gaurighat,4.15,6.80,8.00,-0.050,STEADY
2026-09-07T16:19:18+00:00,bagmati_sundarijal,2.54,4.50,5.80,-0.010,STEADY
2026-09-07T16:19:18+00:00,bagmati_chobhar,4.52,7.00,8.50,-0.010,STEADY
2026-09-07T16:19:18+00:00,nakkhu_lele,2.10,4.00,5.20,0.070,RISING
2026-09-07T16:19:18+00:00,roshi_panauti,2.24,4.20,5.50,0.090,RISING
2026-09-07T16:19:18+00:00,koshi_chatara,4.80,6.00,7.50,-0.050,STEADY
2026-09-07T16:19:18+00:00,narayani_devghat,5.45,7.30,9.00,0.010,STEADY
2026-09-07T16:19:18+00:00,melamchi_helambu,2.59,4.80,6.00,0.070,RISING
2026-09-07T16:19:18+00:00,west_rapti_kusum,3.08,5.40,6.80,0.000,STEADY
2026-09-07T16:19:18+00:00,babai_chepang,3.74,6.10,7.40,0.110,RISING
2026-09-07T16:19:18+00:00,karnali_chisapani,6.37,10.00,12.00,0.060,RISING
2026-09-07T16:19:18+00:00,kamala_ranibas,2.50,4.50,5.80,0.060,RISING
2026-09-07T16:19:18+00:00,kankai_mainachuli,2.08,4.20,5.60,-0.070,FALLING
2026-09-07T16:19:18+00:00,hanumante_thimi,1.85,3.50,4.80,0.080,RISING
2026-09-07T16:19:18+00:00,manohara_jadibuti,2.14,4.00,5.20,-0.090,FALLING
2026-09-07T16:19:18+00:00,dhobikhola_anamnagar,1.65,3.20,4.20,-0.010,STEADY
2026-09-07T16:19:18+00:00,bishnumati_gongabu,1.73,3.80,5.00,0.110,RISING
2026-09-07T16:19:18+00:00,karmanasa_imadol,1.29,3.00,4.00,0.140,RISING
2026-09-07T16:19:18+00:00,bhotekoshi_barhabise,3.02,5.00,6.50,-0.000,STEADY
2026-09-07T16:19:18+00:00,seti_ramghat,4.00,6.50,8.50,-0.050,STEADY
2026-09-08T04:55:53+00:00,bagmati_balkhu,3.01,5.50,7.00,-0.060,FALLING
2026-09-08T04:55:53+00:00,bagmati_gaurighat,3.91,6.80,8.00,0.130,RISING
2026-09-08T04:55:53+00:00,bagmati_sundarijal,2.47,4.50,5.80,0.050,STEADY
2026-09-08T04:55:53+00:00,bagmati_chobhar,4.46,7.00,8.50,0.060,RISING
2026-09-08T04:55:53+00:00,nakkhu_lele,1.92,4.00,5.20,0.020,STEADY
2026-09-08T04:55:53+00:00,roshi_panauti,2.17,4.20,5.50,-0.080,FALLING
2026-09-08T04:55:53+00:00,koshi_chatara,4.65,6.00,7.50,0.080,RISING
2026-09-08T04:55:53+00:00,narayani_devghat,5.26,7.30,9.00,0.090,RISING
2026-09-08T04:55:53+00:00,melamchi_helambu,2.56,4.80,6.00,0.100,RISING
2026-09-08T04:55:53+00:00,west_rapti_kusum,3.05,5.40,6.80,-0.080,FALLING
2026-09-08T04:55:53+00:00,babai_chepang,3.76,6.10,7.40,-0.020,STEADY
2026-09-08T04:55:53+00:00,karnali_chisapani,6.43,10.00,12.00,0.140,RISING
2026-09-08T04:55:53+00:00,kamala_ranibas,2.36,4.50,5.80,0.040,STEADY
2026-09-08T04:55:53+00:00,kankai_mainachuli,2.06,4.20,5.60,0.140,RISING
2026-09-08T04:55:53+00:00,hanumante_thimi,1.72,3.50,4.80,-0.070,FALLING
2026-09-08T04:55:53+00:00,manohara_jadibuti,2.18,4.00,5.20,0.020,STEADY
2026-09-08T04:55:53+00:00,dhobikhola_anamnagar,1.39,3.20,4.20,-0.060,FALLING
2026-09-08T04:55:53+00:00,bishnumati_gongabu,1.76,3.80,5.00,0.080,RISING
2026-09-08T04:55:53+00:00,karmanasa_imadol,1.33,3.00,4.00,0.020,STEADY
2026-09-08T04:55:53+00:00,bhotekoshi_barhabise,2.95,5.00,6.50,-0.020,STEADY
2026-09-08T04:55:53+00:00,seti_ramghat,3.92,6.50,8.50,0.090,RISING
2026-09-08T04:55:58+00:00,roshi_panauti,2.18,4.20,5.50,-0.010,STEADY
2026-09-08T04:55:58+00:00,bagmati_balkhu,3.16,5.50,7.00,-0.010,STEADY
2026-09-08T04:55:58+00:00,bagmati_gaurighat,4.05,6.80,8.00,0.120,RISING
2026-09-08T04:55:58+00:00,bagmati_sundarijal,2.58,4.50,5.80,0.050,STEADY
2026-09-08T04:55:58+00:00,bagmati_chobhar,4.33,7.00,8.50,0.110,RISING
2026-09-08T04:55:58+00:00,nakkhu_lele,2.05,4.00,5.20,-0.050,STEADY
2026-09-08T04:55:58+00:00,roshi_panauti,2.12,4.20,5.50,0.020,STEADY
2026-09-08T04:55:58+00:00,koshi_chatara,4.70,6.00,7.50,0.060,RISING
2026-09-08T04:55:58+00:00,narayani_devghat,5.32,7.30,9.00,0.140,RISING
2026-09-08T04:55:58+00:00,melamchi_helambu,2.64,4.80,6.00,0.070,RISING
2026-09-08T04:55:58+00:00,west_rapti_kusum,2.95,5.40,6.80,-0.050,STEADY
2026-09-08T04:55:58+00:00,babai_chepang,3.77,6.10,7.40,-0.100,FALLING
2026-09-08T04:55:58+00:00,karnali_chisapani,6.47,10.00,12.00,-0.040,STEADY
2026-09-08T04:55:58+00:00,kamala_ranibas,2.36,4.50,5.80,-0.020,STEADY
2026-09-08T04:55:58+00:00,kankai_mainachuli,2.11,4.20,5.60,-0.060,FALLING
2026-09-08T04:55:58+00:00,hanumante_thimi,1.78,3.50,4.80,0.150,RISING
2026-09-08T04:55:58+00:00,manohara_jadibuti,2.04,4.00,5.20,0.120,RISING
2026-09-08T04:55:58+00:00,dhobikhola_anamnagar,1.48,3.20,4.20,0.030,STEADY
2026-09-08T04:55:58+00:00,bishnumati_gongabu,1.60,3.80,5.00,-0.050,STEADY
2026-09-08T04:55:58+00:00,karmanasa_imadol,1.26,3.00,4.00,0.030,STEADY
2026-09-08T04:55:58+00:00,bhotekoshi_barhabise,2.89,5.00,6.50,-0.040,STEADY
2026-09-08T04:55:58+00:00,seti_ramghat,4.03,6.50,8.50,-0.040,STEADY
2026-09-08T04:56:22+00:00,roshi_panauti,2.28,4.20,5.50,-0.070,FALLING
2026-09-08T04:56:22+00:00,bagmati_balkhu,3.03,5.50,7.00,0.140,RISING
2026-09-08T04:56:22+00:00,bagmati_gaurighat,3.89,6.80,8.00,0.030,STEADY
2026-09-08T04:56:22+00:00,bagmati_sundarijal,2.56,4.50,5.80,-0.010,STEADY
2026-09-08T04:56:22+00:00,bagmati_chobhar,4.39,7.00,8.50,0.110,RISING
2026-09-08T04:56:22+00:00,nakkhu_lele,2.02,4.00,5.20,0.120,RISING
2026-09-08T04:56:22+00:00,roshi_panauti,2.18,4.20,5.50,-0.010,STEADY
2026-09-08T04:56:22+00:00,koshi_chatara,4.74,6.00,7.50,0.110,RISING
2026-09-08T04:56:22+00:00,narayani_devghat,5.27,7.30,9.00,-0.060,FALLING
2026-09-08T04:56:22+00:00,melamchi_helambu,2.61,4.80,6.00,-0.020,STEADY
2026-09-08T04:56:22+00:00,west_rapti_kusum,3.02,5.40,6.80,-0.080,FALLING
2026-09-08T04:56:22+00:00,babai_chepang,3.63,6.10,7.40,0.060,RISING
2026-09-08T04:56:22+00:00,karnali_chisapani,6.41,10.00,12.00,0.090,RISING
2026-09-08T04:56:22+00:00,kamala_ranibas,2.29,4.50,5.80,-0.080,FALLING
2026-09-08T04:56:22+00:00,kankai_mainachuli,2.05,4.20,5.60,-0.080,FALLING
2026-09-08T04:56:22+00:00,hanumante_thimi,1.70,3.50,4.80,-0.000,STEADY
2026-09-08T04:56:22+00:00,manohara_jadibuti,2.10,4.00,5.20,0.070,RISING
2026-09-08T04:56:22+00:00,dhobikhola_anamnagar,1.51,3.20,4.20,0.040,STEADY
2026-09-08T04:56:22+00:00,bishnumati_gongabu,1.66,3.80,5.00,-0.100,FALLING
2026-09-08T04:56:22+00:00,karmanasa_imadol,1.29,3.00,4.00,-0.090,FALLING
2026-09-08T04:56:22+00:00,bhotekoshi_barhabise,3.05,5.00,6.50,-0.060,FALLING
2026-09-08T04:56:22+00:00,seti_ramghat,3.99,6.50,8.50,-0.090,FALLING
2026-09-08T04:56:46+00:00,roshi_panauti,2.15,4.20,5.50,0.070,RISING
2026-09-08T04:56:46+00:00,bagmati_balkhu,3.04,5.50,7.00,0.000,STEADY
2026-09-08T04:56:46+00:00,bagmati_gaurighat,3.94,6.80,8.00,-0.020,STEADY
2026-09-08T04:56:46+00:00,bagmati_sundarijal,2.55,4.50,5.80,-0.080,FALLING
2026-09-08T04:56:46+00:00,bagmati_chobhar,4.37,7.00,8.50,0.060,RISING
2026-09-08T04:56:46+00:00,nakkhu_lele,1.95,4.00,5.20,0.110,RISING
2026-09-08T04:56:46+00:00,roshi_panauti,2.19,4.20,5.50,0.130,RISING
2026-09-08T04:56:46+00:00,koshi_chatara,4.70,6.00,7.50,0.150,RISING
2026-09-08T04:56:46+00:00,narayani_devghat,5.34,7.30,9.00,0.010,STEADY
2026-09-08T04:56:46+00:00,melamchi_helambu,2.59,4.80,6.00,-0.030,STEADY
2026-09-08T04:56:46+00:00,west_rapti_kusum,2.94,5.40,6.80,0.010,STEADY
2026-09-08T04:56:46+00:00,babai_chepang,3.66,6.10,7.40,-0.080,FALLING
2026-09-08T04:56:46+00:00,karnali_chisapani,6.45,10.00,12.00,0.060,RISING
2026-09-08T04:56:46+00:00,kamala_ranibas,2.32,4.50,5.80,0.120,RISING
2026-09-08T04:56:46+00:00,kankai_mainachuli,2.09,4.20,5.60,-0.060,FALLING
2026-09-08T04:56:46+00:00,hanumante_thimi,1.75,3.50,4.80,0.040,STEADY
2026-09-08T04:56:46+00:00,manohara_jadibuti,2.09,4.00,5.20,0.130,RISING
2026-09-08T04:56:46+00:00,dhobikhola_anamnagar,1.53,3.20,4.20,-0.010,STEADY
2026-09-08T04:56:46+00:00,bishnumati_gongabu,1.65,3.80,5.00,-0.090,FALLING
2026-09-08T04:56:46+00:00,karmanasa_imadol,1.22,3.00,4.00,-0.010,STEADY
2026-09-08T04:56:46+00:00,bhotekoshi_barhabise,3.09,5.00,6.50,-0.060,FALLING
2026-09-08T04:56:46+00:00,seti_ramghat,3.98,6.50,8.50,-0.010,STEADY
2026-09-08T04:57:15+00:00,roshi_panauti,2.16,4.20,5.50,0.060,RISING
2026-09-08T04:57:15+00:00,bagmati_balkhu,3.18,5.50,7.00,-0.010,STEADY
2026-09-08T04:57:15+00:00,bagmati_gaurighat,3.99,6.80,8.00,0.020,STEADY
2026-09-08T04:57:15+00:00,bagmati_sundarijal,2.57,4.50,5.80,0.040,STEADY
2026-09-08T04:57:15+00:00,bagmati_chobhar,4.30,7.00,8.50,0.050,STEADY
2026-09-08T04:57:15+00:00,nakkhu_lele,1.99,4.00,5.20,0.040,STEADY
2026-09-08T04:57:15+00:00,roshi_panauti,2.11,4.20,5.50,0.110,RISING
2026-09-08T04:57:15+00:00,koshi_chatara,4.68,6.00,7.50,-0.090,FALLING
2026-09-08T04:57:15+00:00,narayani_devghat,5.34,7.30,9.00,0.130,RISING
2026-09-08T04:57:15+00:00,melamchi_helambu,2.57,4.80,6.00,-0.020,STEADY
2026-09-08T04:57:15+00:00,west_rapti_kusum,3.00,5.40,6.80,0.040,STEADY
2026-09-08T04:57:15+00:00,babai_chepang,3.69,6.10,7.40,0.110,RISING
2026-09-08T04:57:15+00:00,karnali_chisapani,6.41,10.00,12.00,-0.030,STEADY
2026-09-08T04:57:15+00:00,kamala_ranibas,2.42,4.50,5.80,-0.020,STEADY
2026-09-08T04:57:15+00:00,kankai_mainachuli,1.99,4.20,5.60,0.120,RISING
2026-09-08T04:57:15+00:00,hanumante_thimi,1.80,3.50,4.80,-0.030,STEADY
2026-09-08T04:57:15+00:00,manohara_jadibuti,2.12,4.00,5.20,0.130,RISING
2026-09-08T04:57:15+00:00,dhobikhola_anamnagar,1.59,3.20,4.20,0.040,STEADY
2026-09-08T04:57:15+00:00,bishnumati_gongabu,1.76,3.80,5.00,0.000,STEADY
2026-09-08T04:57:15+00:00,karmanasa_imadol,1.22,3.00,4.00,0.060,RISING
2026-09-08T04:57:15+00:00,bhotekoshi_barhabise,2.97,5.00,6.50,-0.010,STEADY
2026-09-08T04:57:15+00:00,seti_ramghat,4.04,6.50,8.50,-0.060,FALLING
2026-09-08T04:58:32+00:00,roshi_panauti,2.17,4.20,5.50,0.060,RISING
2026-09-08T04:58:32+00:00,bagmati_balkhu,3.18,5.50,7.00,-0.030,STEADY
2026-09-08T04:58:32+00:00,bagmati_gaurighat,3.90,6.80,8.00,-0.100,FALLING
2026-09-08T04:58:32+00:00,bagmati_sundarijal,2.56,4.50,5.80,0.150,RISING
2026-09-08T04:58:32+00:00,bagmati_chobhar,4.44,7.00,8.50,0.130,RISING
2026-09-08T04:58:32+00:00,nakkhu_lele,1.94,4.00,5.20,0.140,RISING
2026-09-08T04:58:32+00:00,roshi_panauti,2.11,4.20,5.50,-0.010,STEADY
2026-09-08T04:58:32+00:00,koshi_chatara,4.69,6.00,7.50,-0.070,FALLING
2026-09-08T04:58:32+00:00,narayani_devghat,5.22,7.30,9.00,0.050,STEADY
2026-09-08T04:58:32+00:00,melamchi_helambu,2.58,4.80,6.00,0.140,RISING
2026-09-08T04:58:32+00:00,west_rapti_kusum,3.08,5.40,6.80,-0.050,STEADY
2026-09-08T04:58:32+00:00,babai_chepang,3.72,6.10,7.40,-0.090,FALLING
2026-09-08T04:58:32+00:00,karnali_chisapani,6.32,10.00,12.00,0.040,STEADY
2026-09-08T04:58:32+00:00,kamala_ranibas,2.42,4.50,5.80,-0.040,STEADY
2026-09-08T04:58:32+00:00,kankai_mainachuli,2.08,4.20,5.60,-0.030,STEADY
2026-09-08T04:58:32+00:00,hanumante_thimi,1.77,3.50,4.80,0.070,RISING
2026-09-08T04:58:32+00:00,manohara_jadibuti,2.00,4.00,5.20,0.040,STEADY
2026-09-08T04:58:32+00:00,dhobikhola_anamnagar,1.51,3.20,4.20,-0.040,STEADY
2026-09-08T04:58:32+00:00,bishnumati_gongabu,1.66,3.80,5.00,-0.080,FALLING
2026-09-08T04:58:32+00:00,karmanasa_imadol,1.37,3.00,4.00,0.130,RISING
2026-09-08T04:58:32+00:00,bhotekoshi_barhabise,3.06,5.00,6.50,0.080,RISING
2026-09-08T04:58:32+00:00,seti_ramghat,3.91,6.50,8.50,0.130,RISING
2026-09-08T05:09:40+00:00,bagmati_balkhu,2.98,5.50,7.00,0.130,RISING
2026-09-08T05:09:40+00:00,bagmati_gaurighat,4.04,6.80,8.00,-0.040,STEADY
2026-09-08T05:09:40+00:00,bagmati_sundarijal,2.48,4.50,5.80,0.000,STEADY
2026-09-08T05:09:40+00:00,bagmati_chobhar,4.46,7.00,8.50,0.070,RISING
2026-09-08T05:09:40+00:00,nakkhu_lele,2.00,4.00,5.20,-0.090,FALLING
2026-09-08T05:09:40+00:00,roshi_panauti,2.08,4.20,5.50,0.000,STEADY
2026-09-08T05:09:40+00:00,koshi_chatara,4.61,6.00,7.50,-0.060,FALLING
2026-09-08T05:09:40+00:00,narayani_devghat,5.19,7.30,9.00,0.080,RISING
2026-09-08T05:09:40+00:00,melamchi_helambu,2.62,4.80,6.00,0.040,STEADY
2026-09-08T05:09:40+00:00,west_rapti_kusum,3.05,5.40,6.80,-0.020,STEADY
2026-09-08T05:09:40+00:00,babai_chepang,3.70,6.10,7.40,-0.040,STEADY
2026-09-08T05:09:40+00:00,karnali_chisapani,6.42,10.00,12.00,-0.060,FALLING
2026-09-08T05:09:40+00:00,kamala_ranibas,2.34,4.50,5.80,0.110,RISING
2026-09-08T05:09:40+00:00,kankai_mainachuli,2.01,4.20,5.60,0.130,RISING
2026-09-08T05:09:40+00:00,hanumante_thimi,1.77,3.50,4.80,0.110,RISING
2026-09-08T05:09:40+00:00,manohara_jadibuti,2.05,4.00,5.20,0.060,RISING
2026-09-08T05:09:40+00:00,dhobikhola_anamnagar,1.45,3.20,4.20,-0.100,FALLING
2026-09-08T05:09:40+00:00,bishnumati_gongabu,1.59,3.80,5.00,-0.010,STEADY
2026-09-08T05:09:40+00:00,karmanasa_imadol,1.28,3.00,4.00,-0.070,FALLING
2026-09-08T05:09:40+00:00,bhotekoshi_barhabise,2.99,5.00,6.50,0.130,RISING
2026-09-08T05:09:40+00:00,seti_ramghat,3.92,6.50,8.50,-0.040,STEADY
2026-09-08T05:09:55+00:00,bagmati_balkhu,3.13,5.50,7.00,0.080,RISING
2026-09-08T05:09:55+00:00,bagmati_gaurighat,3.93,6.80,8.00,-0.040,STEADY
2026-09-08T05:09:55+00:00,bagmati_sundarijal,2.55,4.50,5.80,0.150,RISING
2026-09-08T05:09:55+00:00,bagmati_chobhar,4.26,7.00,8.50,-0.050,STEADY
2026-09-08T05:09:55+00:00,nakkhu_lele,1.92,4.00,5.20,-0.010,STEADY
2026-09-08T05:09:55+00:00,roshi_panauti,2.23,4.20,5.50,0.120,RISING
2026-09-08T05:09:55+00:00,koshi_chatara,4.61,6.00,7.50,-0.070,FALLING
2026-09-08T05:09:55+00:00,narayani_devghat,5.27,7.30,9.00,-0.030,STEADY
2026-09-08T05:09:55+00:00,melamchi_helambu,2.50,4.80,6.00,-0.080,FALLING
2026-09-08T05:09:55+00:00,west_rapti_kusum,3.04,5.40,6.80,0.140,RISING
2026-09-08T05:09:55+00:00,babai_chepang,3.60,6.10,7.40,0.080,RISING
2026-09-08T05:09:55+00:00,karnali_chisapani,6.35,10.00,12.00,0.100,RISING
2026-09-08T05:09:55+00:00,kamala_ranibas,2.41,4.50,5.80,0.110,RISING
2026-09-08T05:09:55+00:00,kankai_mainachuli,2.09,4.20,5.60,0.110,RISING
2026-09-08T05:09:55+00:00,hanumante_thimi,1.79,3.50,4.80,-0.010,STEADY
2026-09-08T05:09:55+00:00,manohara_jadibuti,2.06,4.00,5.20,0.090,RISING
2026-09-08T05:09:55+00:00,dhobikhola_anamnagar,1.37,3.20,4.20,0.080,RISING
2026-09-08T05:09:55+00:00,bishnumati_gongabu,1.69,3.80,5.00,-0.050,STEADY
2026-09-08T05:09:55+00:00,karmanasa_imadol,1.32,3.00,4.00,0.000,STEADY
2026-09-08T05:09:55+00:00,bhotekoshi_barhabise,3.00,5.00,6.50,-0.090,FALLING
2026-09-08T05:09:55+00:00,seti_ramghat,3.95,6.50,8.50,-0.030,STEADY
2026-09-08T08:44:35+00:00,roshi_panauti,2.46,4.20,5.50,-0.020,STEADY
2026-09-08T08:44:35+00:00,bagmati_balkhu,3.28,5.50,7.00,-0.070,FALLING
2026-09-08T08:44:35+00:00,bagmati_gaurighat,4.16,6.80,8.00,0.100,RISING
2026-09-08T08:44:35+00:00,bagmati_sundarijal,2.74,4.50,5.80,0.030,STEADY
2026-09-08T08:44:35+00:00,bagmati_chobhar,4.69,7.00,8.50,0.140,RISING
2026-09-08T08:44:35+00:00,nakkhu_lele,2.22,4.00,5.20,-0.080,FALLING
2026-09-08T08:44:35+00:00,roshi_panauti,2.47,4.20,5.50,0.130,RISING
2026-09-08T08:44:35+00:00,koshi_chatara,4.88,6.00,7.50,0.100,RISING
2026-09-08T08:44:35+00:00,narayani_devghat,5.54,7.30,9.00,0.020,STEADY
2026-09-08T08:44:35+00:00,melamchi_helambu,2.83,4.80,6.00,-0.040,STEADY
2026-09-08T08:44:35+00:00,west_rapti_kusum,3.34,5.40,6.80,0.030,STEADY
2026-09-08T08:44:35+00:00,babai_chepang,3.97,6.10,7.40,-0.100,FALLING
2026-09-08T08:44:35+00:00,karnali_chisapani,6.63,10.00,12.00,0.140,RISING
2026-09-08T08:44:35+00:00,kamala_ranibas,2.68,4.50,5.80,0.030,STEADY
2026-09-08T08:44:35+00:00,kankai_mainachuli,2.31,4.20,5.60,-0.060,FALLING
2026-09-08T08:44:35+00:00,hanumante_thimi,2.02,3.50,4.80,0.040,STEADY
2026-09-08T08:44:35+00:00,manohara_jadibuti,2.40,4.00,5.20,0.100,RISING
2026-09-08T08:44:35+00:00,dhobikhola_anamnagar,1.67,3.20,4.20,0.130,RISING
2026-09-08T08:44:35+00:00,bishnumati_gongabu,2.02,3.80,5.00,0.080,RISING
2026-09-08T08:44:35+00:00,karmanasa_imadol,1.52,3.00,4.00,0.040,STEADY
2026-09-08T08:44:35+00:00,bhotekoshi_barhabise,3.24,5.00,6.50,-0.050,STEADY
2026-09-08T08:44:35+00:00,seti_ramghat,4.28,6.50,8.50,-0.090,FALLING
2026-09-08T08:45:00+00:00,roshi_panauti,2.46,4.20,5.50,0.080,RISING
2026-09-08T08:45:00+00:00,bagmati_balkhu,3.39,5.50,7.00,0.130,RISING
2026-09-08T08:45:00+00:00,bagmati_gaurighat,4.23,6.80,8.00,-0.050,STEADY
2026-09-08T08:45:00+00:00,bagmati_sundarijal,2.71,4.50,5.80,0.130,RISING
2026-09-08T08:45:00+00:00,bagmati_chobhar,4.65,7.00,8.50,0.030,STEADY
2026-09-08T08:45:00+00:00,nakkhu_lele,2.33,4.00,5.20,0.140,RISING
2026-09-08T08:45:00+00:00,roshi_panauti,2.41,4.20,5.50,0.020,STEADY
2026-09-08T08:45:00+00:00,koshi_chatara,5.03,6.00,7.50,0.130,RISING
2026-09-08T08:45:00+00:00,narayani_devghat,5.45,7.30,9.00,0.140,RISING
2026-09-08T08:45:00+00:00,melamchi_helambu,2.84,4.80,6.00,-0.030,STEADY
2026-09-08T08:45:00+00:00,west_rapti_kusum,3.35,5.40,6.80,0.110,RISING
2026-09-08T08:45:00+00:00,babai_chepang,3.86,6.10,7.40,0.100,RISING
2026-09-08T08:45:00+00:00,karnali_chisapani,6.55,10.00,12.00,-0.090,FALLING
2026-09-08T08:45:00+00:00,kamala_ranibas,2.63,4.50,5.80,-0.070,FALLING
2026-09-08T08:45:00+00:00,kankai_mainachuli,2.31,4.20,5.60,-0.010,STEADY
2026-09-08T08:45:00+00:00,hanumante_thimi,2.10,3.50,4.80,0.050,STEADY
2026-09-08T08:45:00+00:00,manohara_jadibuti,2.29,4.00,5.20,-0.100,FALLING
2026-09-08T08:45:00+00:00,dhobikhola_anamnagar,1.76,3.20,4.20,0.090,RISING
2026-09-08T08:45:00+00:00,bishnumati_gongabu,1.99,3.80,5.00,-0.000,STEADY
2026-09-08T08:45:00+00:00,karmanasa_imadol,1.57,3.00,4.00,-0.040,STEADY
2026-09-08T08:45:00+00:00,bhotekoshi_barhabise,3.20,5.00,6.50,0.050,STEADY
2026-09-08T08:45:00+00:00,seti_ramghat,4.35,6.50,8.50,-0.000,STEADY
2026-09-08T08:45:54+00:00,roshi_panauti,2.37,4.20,5.50,-0.030,STEADY
2026-09-08T08:45:54+00:00,bagmati_balkhu,3.30,5.50,7.00,0.040,STEADY
2026-09-08T08:45:54+00:00,bagmati_gaurighat,4.17,6.80,8.00,-0.080,FALLING
2026-09-08T08:45:54+00:00,bagmati_sundarijal,2.73,4.50,5.80,-0.040,STEADY
2026-09-08T08:45:54+00:00,bagmati_chobhar,4.63,7.00,8.50,0.120,RISING
2026-09-08T08:45:54+00:00,nakkhu_lele,2.25,4.00,5.20,-0.070,FALLING
2026-09-08T08:45:54+00:00,roshi_panauti,2.44,4.20,5.50,0.050,STEADY
2026-09-08T08:45:54+00:00,koshi_chatara,4.94,6.00,7.50,0.140,RISING
2026-09-08T08:45:54+00:00,narayani_devghat,5.47,7.30,9.00,-0.070,FALLING
2026-09-08T08:45:54+00:00,melamchi_helambu,2.87,4.80,6.00,0.050,STEADY
2026-09-08T08:45:54+00:00,west_rapti_kusum,3.25,5.40,6.80,0.140,RISING
2026-09-08T08:45:54+00:00,babai_chepang,3.90,6.10,7.40,0.010,STEADY
2026-09-08T08:45:54+00:00,karnali_chisapani,6.66,10.00,12.00,0.080,RISING
2026-09-08T08:45:54+00:00,kamala_ranibas,2.69,4.50,5.80,0.150,RISING
2026-09-08T08:45:54+00:00,kankai_mainachuli,2.45,4.20,5.60,-0.070,FALLING
2026-09-08T08:45:54+00:00,hanumante_thimi,2.09,3.50,4.80,0.110,RISING
2026-09-08T08:45:54+00:00,manohara_jadibuti,2.33,4.00,5.20,-0.040,STEADY
2026-09-08T08:45:54+00:00,dhobikhola_anamnagar,1.84,3.20,4.20,0.100,RISING
2026-09-08T08:45:54+00:00,bishnumati_gongabu,2.01,3.80,5.00,-0.040,STEADY
2026-09-08T08:45:54+00:00,karmanasa_imadol,1.45,3.00,4.00,-0.080,FALLING
2026-09-08T08:45:54+00:00,bhotekoshi_barhabise,3.25,5.00,6.50,0.070,RISING
2026-09-08T08:45:54+00:00,seti_ramghat,4.18,6.50,8.50,-0.040,STEADY
2026-09-08T08:47:31+00:00,roshi_panauti,2.37,4.20,5.50,-0.020,STEADY
2026-09-08T08:47:31+00:00,bagmati_balkhu,3.35,5.50,7.00,0.030,STEADY
2026-09-08T08:47:31+00:00,bagmati_gaurighat,4.28,6.80,8.00,0.040,STEADY
2026-09-08T08:47:31+00:00,bagmati_sundarijal,2.78,4.50,5.80,0.080,RISING
2026-09-08T08:47:31+00:00,bagmati_chobhar,4.59,7.00,8.50,0.130,RISING
2026-09-08T08:47:31+00:00,nakkhu_lele,2.25,4.00,5.20,-0.090,FALLING
2026-09-08T08:47:31+00:00,roshi_panauti,2.38,4.20,5.50,0.110,RISING
2026-09-08T08:47:31+00:00,koshi_chatara,4.95,6.00,7.50,0.150,RISING
2026-09-08T08:47:31+00:00,narayani_devghat,5.49,7.30,9.00,0.080,RISING
2026-09-08T08:47:31+00:00,melamchi_helambu,2.85,4.80,6.00,0.070,RISING
2026-09-08T08:47:31+00:00,west_rapti_kusum,3.15,5.40,6.80,0.010,STEADY
2026-09-08T08:47:31+00:00,babai_chepang,4.00,6.10,7.40,-0.080,FALLING
2026-09-08T08:47:31+00:00,karnali_chisapani,6.74,10.00,12.00,0.130,RISING
2026-09-08T08:47:31+00:00,kamala_ranibas,2.68,4.50,5.80,-0.090,FALLING
2026-09-08T08:47:31+00:00,kankai_mainachuli,2.32,4.20,5.60,0.060,RISING
2026-09-08T08:47:31+00:00,hanumante_thimi,2.02,3.50,4.80,0.040,STEADY
2026-09-08T08:47:31+00:00,manohara_jadibuti,2.45,4.00,5.20,0.080,RISING
2026-09-08T08:47:31+00:00,dhobikhola_anamnagar,1.72,3.20,4.20,0.040,STEADY
2026-09-08T08:47:31+00:00,bishnumati_gongabu,2.04,3.80,5.00,-0.070,FALLING
2026-09-08T08:47:31+00:00,karmanasa_imadol,1.52,3.00,4.00,-0.060,FALLING
2026-09-08T08:47:31+00:00,bhotekoshi_barhabise,3.27,5.00,6.50,-0.030,STEADY
2026-09-08T08:47:31+00:00,seti_ramghat,4.33,6.50,8.50,0.100,RISING
2026-09-08T10:06:31+00:00,bagmati_balkhu,3.11,5.50,7.00,0.070,RISING
2026-09-08T10:06:31+00:00,bagmati_gaurighat,4.09,6.80,8.00,0.030,STEADY
2026-09-08T10:06:31+00:00,bagmati_sundarijal,2.61,4.50,5.80,0.070,RISING
2026-09-08T10:06:31+00:00,bagmati_chobhar,4.50,7.00,8.50,0.050,STEADY
2026-09-08T10:06:31+00:00,nakkhu_lele,1.93,4.00,5.20,0.020,STEADY
2026-09-08T10:06:31+00:00,roshi_panauti,2.30,4.20,5.50,0.090,RISING
2026-09-08T10:06:31+00:00,koshi_chatara,4.77,6.00,7.50,0.070,RISING
2026-09-08T10:06:31+00:00,narayani_devghat,5.24,7.30,9.00,0.020,STEADY
2026-09-08T10:06:31+00:00,melamchi_helambu,2.61,4.80,6.00,-0.010,STEADY
2026-09-08T10:06:31+00:00,west_rapti_kusum,3.03,5.40,6.80,0.110,RISING
2026-09-08T10:06:31+00:00,babai_chepang,3.69,6.10,7.40,0.070,RISING
2026-09-08T10:06:31+00:00,karnali_chisapani,6.47,10.00,12.00,0.090,RISING
2026-09-08T10:06:31+00:00,kamala_ranibas,2.43,4.50,5.80,0.020,STEADY
2026-09-08T10:06:31+00:00,kankai_mainachuli,2.04,4.20,5.60,-0.020,STEADY
2026-09-08T10:06:31+00:00,hanumante_thimi,1.74,3.50,4.80,0.000,STEADY
2026-09-08T10:06:31+00:00,manohara_jadibuti,2.08,4.00,5.20,-0.090,FALLING
2026-09-08T10:06:31+00:00,dhobikhola_anamnagar,1.56,3.20,4.20,0.100,RISING
2026-09-08T10:06:31+00:00,bishnumati_gongabu,1.75,3.80,5.00,0.080,RISING
2026-09-08T10:06:31+00:00,karmanasa_imadol,1.35,3.00,4.00,0.120,RISING
2026-09-08T10:06:31+00:00,bhotekoshi_barhabise,3.05,5.00,6.50,0.040,STEADY
2026-09-08T10:06:31+00:00,seti_ramghat,4.02,6.50,8.50,0.140,RISING
2026-09-08T14:32:47+00:00,bagmati_balkhu,3.31,5.50,7.00,0.110,RISING
2026-09-08T14:32:47+00:00,bagmati_gaurighat,4.21,6.80,8.00,-0.050,STEADY
2026-09-08T14:32:47+00:00,bagmati_sundarijal,2.69,4.50,5.80,-0.060,FALLING
2026-09-08T14:32:47+00:00,bagmati_chobhar,4.60,7.00,8.50,0.060,RISING
2026-09-08T14:32:47+00:00,nakkhu_lele,2.25,4.00,5.20,-0.040,STEADY
2026-09-08T14:32:47+00:00,roshi_panauti,2.35,4.20,5.50,0.090,RISING
2026-09-08T14:32:47+00:00,koshi_chatara,5.02,6.00,7.50,0.040,STEADY
2026-09-08T14:32:47+00:00,narayani_devghat,5.51,7.30,9.00,0.100,RISING
2026-09-08T14:32:47+00:00,melamchi_helambu,2.87,4.80,6.00,-0.060,FALLING
2026-09-08T14:32:47+00:00,west_rapti_kusum,3.27,5.40,6.80,-0.060,FALLING
2026-09-08T14:32:47+00:00,babai_chepang,3.86,6.10,7.40,-0.100,FALLING
2026-09-08T14:32:47+00:00,karnali_chisapani,6.57,10.00,12.00,0.080,RISING
2026-09-08T14:32:47+00:00,kamala_ranibas,2.59,4.50,5.80,-0.080,FALLING
2026-09-08T14:32:47+00:00,kankai_mainachuli,2.37,4.20,5.60,0.150,RISING
2026-09-08T14:32:47+00:00,hanumante_thimi,1.99,3.50,4.80,0.030,STEADY
2026-09-08T14:32:47+00:00,manohara_jadibuti,2.29,4.00,5.20,-0.080,FALLING
2026-09-08T14:32:47+00:00,dhobikhola_anamnagar,1.75,3.20,4.20,-0.050,STEADY
2026-09-08T14:32:47+00:00,bishnumati_gongabu,1.89,3.80,5.00,-0.060,FALLING
2026-09-08T14:32:47+00:00,karmanasa_imadol,1.59,3.00,4.00,0.150,RISING
2026-09-08T14:32:47+00:00,bhotekoshi_barhabise,3.18,5.00,6.50,0.040,STEADY
2026-09-08T14:32:47+00:00,seti_ramghat,4.22,6.50,8.50,-0.050,STEADY
2026-09-08T18:06:13+00:00,bagmati_balkhu,3.04,5.50,7.00,-0.030,STEADY
2026-09-08T18:06:13+00:00,bagmati_gaurighat,3.98,6.80,8.00,0.080,RISING
2026-09-08T18:06:13+00:00,bagmati_sundarijal,2.47,4.50,5.80,0.130,RISING
2026-09-08T18:06:13+00:00,bagmati_chobhar,4.46,7.00,8.50,0.130,RISING
2026-09-08T18:06:13+00:00,nakkhu_lele,2.04,4.00,5.20,0.070,RISING
2026-09-08T18:06:13+00:00,roshi_panauti,2.19,4.20,5.50,-0.050,STEADY
2026-09-08T18:06:13+00:00,koshi_chatara,4.72,6.00,7.50,0.010,STEADY
2026-09-08T18:06:13+00:00,narayani_devghat,5.25,7.30,9.00,0.010,STEADY
2026-09-08T18:06:13+00:00,melamchi_helambu,2.62,4.80,6.00,0.090,RISING
2026-09-08T18:06:13+00:00,west_rapti_kusum,2.99,5.40,6.80,-0.030,STEADY
2026-09-08T18:06:13+00:00,babai_chepang,3.72,6.10,7.40,0.010,STEADY
2026-09-08T18:06:13+00:00,karnali_chisapani,6.47,10.00,12.00,0.070,RISING
2026-09-08T18:06:13+00:00,kamala_ranibas,2.30,4.50,5.80,0.030,STEADY
2026-09-08T18:06:13+00:00,kankai_mainachuli,2.16,4.20,5.60,0.050,STEADY
2026-09-08T18:06:13+00:00,hanumante_thimi,1.76,3.50,4.80,-0.000,STEADY
2026-09-08T18:06:13+00:00,manohara_jadibuti,2.06,4.00,5.20,0.080,RISING
2026-09-08T18:06:13+00:00,dhobikhola_anamnagar,1.45,3.20,4.20,-0.040,STEADY
2026-09-08T18:06:13+00:00,bishnumati_gongabu,1.73,3.80,5.00,0.030,STEADY
2026-09-08T18:06:13+00:00,karmanasa_imadol,1.25,3.00,4.00,-0.070,FALLING
2026-09-08T18:06:13+00:00,bhotekoshi_barhabise,3.06,5.00,6.50,0.040,STEADY
2026-09-08T18:06:13+00:00,seti_ramghat,3.99,6.50,8.50,-0.050,STEADY
2026-09-08T21:10:07+00:00,bagmati_balkhu,3.28,5.50,7.00,0.060,RISING
2026-09-08T21:10:07+00:00,bagmati_gaurighat,4.21,6.80,8.00,0.100,RISING
2026-09-08T21:10:07+00:00,bagmati_sundarijal,2.72,4.50,5.80,0.130,RISING
2026-09-08T21:10:07+00:00,bagmati_chobhar,4.54,7.00,8.50,-0.020,STEADY
2026-09-08T21:10:07+00:00,nakkhu_lele,2.28,4.00,5.20,0.140,RISING
2026-09-08T21:10:07+00:00,roshi_panauti,2.34,4.20,5.50,0.110,RISING
2026-09-08T21:10:07+00:00,koshi_chatara,4.90,6.00,7.50,0.000,STEADY
2026-09-08T21:10:07+00:00,narayani_devghat,5.54,7.30,9.00,0.120,RISING
2026-09-08T21:10:07+00:00,melamchi_helambu,2.81,4.80,6.00,0.050,STEADY
2026-09-08T21:10:07+00:00,west_rapti_kusum,3.20,5.40,6.80,0.040,STEADY
2026-09-08T21:10:07+00:00,babai_chepang,3.97,6.10,7.40,-0.020,STEADY
2026-09-08T21:10:07+00:00,karnali_chisapani,6.66,10.00,12.00,-0.020,STEADY
2026-09-08T21:10:07+00:00,kamala_ranibas,2.60,4.50,5.80,0.120,RISING
2026-09-08T21:10:07+00:00,kankai_mainachuli,2.32,4.20,5.60,0.090,RISING
2026-09-08T21:10:07+00:00,hanumante_thimi,2.08,3.50,4.80,0.070,RISING
2026-09-08T21:10:07+00:00,manohara_jadibuti,2.32,4.00,5.20,0.070,RISING
2026-09-08T21:10:07+00:00,dhobikhola_anamnagar,1.63,3.20,4.20,-0.020,STEADY
2026-09-08T21:10:07+00:00,bishnumati_gongabu,1.92,3.80,5.00,0.120,RISING
2026-09-08T21:10:07+00:00,karmanasa_imadol,1.57,3.00,4.00,0.010,STEADY
2026-09-08T21:10:07+00:00,bhotekoshi_barhabise,3.31,5.00,6.50,-0.080,FALLING
2026-09-08T21:10:07+00:00,seti_ramghat,4.21,6.50,8.50,0.000,STEADY
2026-09-08T23:24:21+00:00,bagmati_balkhu,3.04,5.50,7.00,0.150,RISING
2026-09-08T23:24:21+00:00,bagmati_gaurighat,3.95,6.80,8.00,0.140,RISING
2026-09-08T23:24:21+00:00,bagmati_sundarijal,2.41,4.50,5.80,0.150,RISING
2026-09-08T23:24:21+00:00,bagmati_chobhar,4.30,7.00,8.50,0.050,STEADY
2026-09-08T23:24:21+00:00,nakkhu_lele,2.04,4.00,5.20,-0.080,FALLING
2026-09-08T23:24:21+00:00,roshi_panauti,2.11,4.20,5.50,0.100,RISING
2026-09-08T23:24:21+00:00,koshi_chatara,4.62,6.00,7.50,-0.070,FALLING
2026-09-08T23:24:21+00:00,narayani_devghat,5.25,7.30,9.00,0.060,RISING
2026-09-08T23:24:21+00:00,melamchi_helambu,2.51,4.80,6.00,-0.070,FALLING
2026-09-08T23:24:21+00:00,west_rapti_kusum,2.90,5.40,6.80,-0.050,STEADY
2026-09-08T23:24:21+00:00,babai_chepang,3.70,6.10,7.40,-0.010,STEADY
2026-09-08T23:24:21+00:00,karnali_chisapani,6.37,10.00,12.00,-0.070,FALLING
2026-09-08T23:24:21+00:00,kamala_ranibas,2.33,4.50,5.80,0.070,RISING
2026-09-08T23:24:21+00:00,kankai_mainachuli,2.00,4.20,5.60,0.040,STEADY
2026-09-08T23:24:21+00:00,hanumante_thimi,1.77,3.50,4.80,0.080,RISING
2026-09-08T23:24:21+00:00,manohara_jadibuti,2.09,4.00,5.20,-0.060,FALLING
2026-09-08T23:24:21+00:00,dhobikhola_anamnagar,1.56,3.20,4.20,0.010,STEADY
2026-09-08T23:24:21+00:00,bishnumati_gongabu,1.70,3.80,5.00,0.120,RISING
2026-09-08T23:24:21+00:00,karmanasa_imadol,1.33,3.00,4.00,0.080,RISING
2026-09-08T23:24:21+00:00,bhotekoshi_barhabise,2.95,5.00,6.50,0.010,STEADY
2026-09-08T23:24:21+00:00,seti_ramghat,4.05,6.50,8.50,-0.070,FALLING
2026-09-09T03:30:27+00:00,roshi_panauti,2.32,4.20,5.50,-0.070,FALLING
2026-09-09T03:30:27+00:00,bagmati_balkhu,3.30,5.50,7.00,0.010,STEADY
2026-09-09T03:30:27+00:00,bagmati_gaurighat,4.11,6.80,8.00,-0.060,FALLING
2026-09-09T03:30:27+00:00,bagmati_sundarijal,2.62,4.50,5.80,0.130,RISING
2026-09-09T03:30:27+00:00,bagmati_chobhar,4.54,7.00,8.50,0.110,RISING
2026-09-09T03:30:27+00:00,nakkhu_lele,2.14,4.00,5.20,-0.060,FALLING
2026-09-09T03:30:27+00:00,roshi_panauti,2.39,4.20,5.50,0.000,STEADY
2026-09-09T03:30:27+00:00,koshi_chatara,4.76,6.00,7.50,-0.030,STEADY
2026-09-09T03:30:27+00:00,narayani_devghat,5.34,7.30,9.00,0.120,RISING
2026-09-09T03:30:27+00:00,melamchi_helambu,2.76,4.80,6.00,0.090,RISING
2026-09-09T03:30:27+00:00,west_rapti_kusum,3.21,5.40,6.80,-0.010,STEADY
2026-09-09T03:30:27+00:00,babai_chepang,3.87,6.10,7.40,-0.030,STEADY
2026-09-09T03:30:27+00:00,karnali_chisapani,6.49,10.00,12.00,0.020,STEADY
2026-09-09T03:30:27+00:00,kamala_ranibas,2.56,4.50,5.80,-0.060,FALLING
2026-09-09T03:30:27+00:00,kankai_mainachuli,2.26,4.20,5.60,0.060,RISING
2026-09-09T03:30:27+00:00,hanumante_thimi,1.85,3.50,4.80,-0.010,STEADY
2026-09-09T03:30:27+00:00,manohara_jadibuti,2.32,4.00,5.20,0.130,RISING
2026-09-09T03:30:27+00:00,dhobikhola_anamnagar,1.64,3.20,4.20,0.140,RISING
2026-09-09T03:30:27+00:00,bishnumati_gongabu,1.84,3.80,5.00,-0.070,FALLING
2026-09-09T03:30:27+00:00,karmanasa_imadol,1.38,3.00,4.00,0.110,RISING
2026-09-09T03:30:27+00:00,bhotekoshi_barhabise,3.17,5.00,6.50,0.100,RISING
2026-09-09T03:30:27+00:00,seti_ramghat,4.08,6.50,8.50,-0.020,STEADY
2026-09-09T06:25:34+00:00,bagmati_balkhu,3.22,5.50,7.00,-0.080,FALLING
2026-09-09T06:25:34+00:00,bagmati_gaurighat,4.01,6.80,8.00,0.010,STEADY
2026-09-09T06:25:34+00:00,bagmati_sundarijal,2.63,4.50,5.80,0.130,RISING
2026-09-09T06:25:34+00:00,bagmati_chobhar,4.49,7.00,8.50,0.010,STEADY
2026-09-09T06:25:34+00:00,nakkhu_lele,2.09,4.00,5.20,-0.020,STEADY
2026-09-09T06:25:34+00:00,roshi_panauti,2.25,4.20,5.50,0.070,RISING
2026-09-09T06:25:34+00:00,koshi_chatara,4.76,6.00,7.50,0.080,RISING
2026-09-09T06:25:34+00:00,narayani_devghat,5.29,7.30,9.00,-0.100,FALLING
2026-09-09T06:25:34+00:00,melamchi_helambu,2.72,4.80,6.00,0.020,STEADY
2026-09-09T06:25:34+00:00,west_rapti_kusum,3.12,5.40,6.80,0.090,RISING
2026-09-09T06:25:34+00:00,babai_chepang,3.83,6.10,7.40,-0.010,STEADY
2026-09-09T06:25:34+00:00,karnali_chisapani,6.47,10.00,12.00,0.030,STEADY
2026-09-09T06:25:34+00:00,kamala_ranibas,2.52,4.50,5.80,0.060,RISING
2026-09-09T06:25:34+00:00,kankai_mainachuli,2.19,4.20,5.60,0.100,RISING
2026-09-09T06:25:34+00:00,hanumante_thimi,1.86,3.50,4.80,-0.070,FALLING
2026-09-09T06:25:34+00:00,manohara_jadibuti,2.07,4.00,5.20,-0.010,STEADY
2026-09-09T06:25:34+00:00,dhobikhola_anamnagar,1.55,3.20,4.20,0.100,RISING
2026-09-09T06:25:34+00:00,bishnumati_gongabu,1.79,3.80,5.00,0.120,RISING
2026-09-09T06:25:34+00:00,karmanasa_imadol,1.33,3.00,4.00,-0.040,STEADY
2026-09-09T06:25:34+00:00,bhotekoshi_barhabise,3.15,5.00,6.50,-0.050,STEADY
2026-09-09T06:25:34+00:00,seti_ramghat,4.02,6.50,8.50,0.070,RISING
2026-09-09T11:44:02+00:00,bagmati_balkhu,3.11,5.50,7.00,0.090,RISING
2026-09-09T11:44:02+00:00,bagmati_gaurighat,3.89,6.80,8.00,-0.080,FALLING
2026-09-09T11:44:02+00:00,bagmati_sundarijal,2.46,4.50,5.80,0.070,RISING
2026-09-09T11:44:02+00:00,bagmati_chobhar,4.28,7.00,8.50,0.120,RISING
2026-09-09T11:44:02+00:00,nakkhu_lele,1.93,4.00,5.20,-0.010,STEADY
2026-09-09T11:44:02+00:00,roshi_panauti,2.19,4.20,5.50,0.070,RISING
2026-09-09T11:44:02+00:00,koshi_chatara,4.70,6.00,7.50,0.090,RISING
2026-09-09T11:44:02+00:00,narayani_devghat,5.17,7.30,9.00,-0.010,STEADY
2026-09-09T11:44:02+00:00,melamchi_helambu,2.59,4.80,6.00,-0.060,FALLING
2026-09-09T11:44:02+00:00,west_rapti_kusum,2.99,5.40,6.80,-0.050,STEADY
2026-09-09T11:44:02+00:00,babai_chepang,3.64,6.10,7.40,-0.020,STEADY
2026-09-09T11:44:02+00:00,karnali_chisapani,6.26,10.00,12.00,-0.100,FALLING
2026-09-09T11:44:02+00:00,kamala_ranibas,2.30,4.50,5.80,0.130,RISING
2026-09-09T11:44:02+00:00,kankai_mainachuli,2.10,4.20,5.60,0.060,RISING
2026-09-09T11:44:02+00:00,hanumante_thimi,1.71,3.50,4.80,0.140,RISING
2026-09-09T11:44:02+00:00,manohara_jadibuti,1.97,4.00,5.20,0.050,STEADY
2026-09-09T11:44:02+00:00,dhobikhola_anamnagar,1.52,3.20,4.20,0.130,RISING
2026-09-09T11:44:02+00:00,bishnumati_gongabu,1.67,3.80,5.00,0.070,RISING
2026-09-09T11:44:02+00:00,karmanasa_imadol,1.26,3.00,4.00,-0.010,STEADY
2026-09-09T11:44:02+00:00,bhotekoshi_barhabise,2.85,5.00,6.50,0.040,STEADY
2026-09-09T11:44:02+00:00,seti_ramghat,4.00,6.50,8.50,0.040,STEADY
2026-09-09T15:20:18+00:00,bagmati_balkhu,3.38,5.50,7.00,0.080,RISING
2026-09-09T15:20:18+00:00,bagmati_gaurighat,4.18,6.80,8.00,-0.030,STEADY
2026-09-09T15:20:18+00:00,bagmati_sundarijal,2.74,4.50,5.80,-0.070,FALLING
2026-09-09T15:20:18+00:00,bagmati_chobhar,4.63,7.00,8.50,0.030,STEADY
2026-09-09T15:20:18+00:00,nakkhu_lele,2.20,4.00,5.20,0.020,STEADY
2026-09-09T15:20:18+00:00,roshi_panauti,2.49,4.20,5.50,-0.090,FALLING
2026-09-09T15:20:18+00:00,koshi_chatara,4.95,6.00,7.50,-0.090,FALLING
2026-09-09T15:20:18+00:00,narayani_devghat,5.41,7.30,9.00,-0.100,FALLING
2026-09-09T15:20:18+00:00,melamchi_helambu,2.85,4.80,6.00,-0.090,FALLING
2026-09-09T15:20:18+00:00,west_rapti_kusum,3.18,5.40,6.80,0.020,STEADY
2026-09-09T15:20:18+00:00,babai_chepang,3.95,6.10,7.40,-0.020,STEADY
2026-09-09T15:20:18+00:00,karnali_chisapani,6.55,10.00,12.00,-0.020,STEADY
2026-09-09T15:20:18+00:00,kamala_ranibas,2.68,4.50,5.80,0.050,STEADY
2026-09-09T15:20:18+00:00,kankai_mainachuli,2.29,4.20,5.60,0.070,RISING
2026-09-09T15:20:18+00:00,hanumante_thimi,2.07,3.50,4.80,-0.070,FALLING
2026-09-09T15:20:18+00:00,manohara_jadibuti,2.33,4.00,5.20,0.100,RISING
2026-09-09T15:20:18+00:00,dhobikhola_anamnagar,1.71,3.20,4.20,-0.020,STEADY
2026-09-09T15:20:18+00:00,bishnumati_gongabu,1.87,3.80,5.00,-0.100,FALLING
2026-09-09T15:20:18+00:00,karmanasa_imadol,1.41,3.00,4.00,-0.100,FALLING
2026-09-09T15:20:18+00:00,bhotekoshi_barhabise,3.10,5.00,6.50,-0.030,STEADY
2026-09-09T15:20:18+00:00,seti_ramghat,4.27,6.50,8.50,0.050,STEADY
2026-09-09T18:47:30+00:00,bagmati_balkhu,3.10,5.50,7.00,0.100,RISING
2026-09-09T18:47:30+00:00,bagmati_gaurighat,3.92,6.80,8.00,-0.000,STEADY
2026-09-09T18:47:30+00:00,bagmati_sundarijal,2.44,4.50,5.80,0.090,RISING
2026-09-09T18:47:30+00:00,bagmati_chobhar,4.41,7.00,8.50,0.070,RISING
2026-09-09T18:47:30+00:00,nakkhu_lele,2.04,4.00,5.20,0.120,RISING
2026-09-09T18:47:30+00:00,roshi_panauti,2.09,4.20,5.50,-0.040,STEADY
2026-09-09T18:47:30+00:00,koshi_chatara,4.69,6.00,7.50,0.070,RISING
2026-09-09T18:47:30+00:00,narayani_devghat,5.25,7.30,9.00,0.040,STEADY
2026-09-09T18:47:30+00:00,melamchi_helambu,2.56,4.80,6.00,-0.090,FALLING
2026-09-09T18:47:30+00:00,west_rapti_kusum,2.94,5.40,6.80,-0.080,FALLING
2026-09-09T18:47:30+00:00,babai_chepang,3.73,6.10,7.40,0.040,STEADY
2026-09-09T18:47:30+00:00,karnali_chisapani,6.35,10.00,12.00,-0.010,STEADY
2026-09-09T18:47:30+00:00,kamala_ranibas,2.35,4.50,5.80,-0.030,STEADY
2026-09-09T18:47:30+00:00,kankai_mainachuli,2.10,4.20,5.60,0.040,STEADY
2026-09-09T18:47:30+00:00,hanumante_thimi,1.81,3.50,4.80,0.040,STEADY
2026-09-09T18:47:30+00:00,manohara_jadibuti,2.15,4.00,5.20,-0.050,STEADY
2026-09-09T18:47:30+00:00,dhobikhola_anamnagar,1.53,3.20,4.20,0.030,STEADY
2026-09-09T18:47:30+00:00,bishnumati_gongabu,1.68,3.80,5.00,0.040,STEADY
2026-09-09T18:47:30+00:00,karmanasa_imadol,1.24,3.00,4.00,0.010,STEADY
2026-09-09T18:47:30+00:00,bhotekoshi_barhabise,2.99,5.00,6.50,-0.070,FALLING
2026-09-09T18:47:30+00:00,seti_ramghat,3.98,6.50,8.50,0.110,RISING
2026-09-09T21:31:17+00:00,bagmati_balkhu,3.33,5.50,7.00,-0.030,STEADY
2026-09-09T21:31:17+00:00,bagmati_gaurighat,4.29,6.80,8.00,0.090,RISING
2026-09-09T21:31:17+00:00,bagmati_sundarijal,2.65,4.50,5.80,0.000,STEADY
2026-09-09T21:31:17+00:00,bagmati_chobhar,4.58,7.00,8.50,0.090,RISING
2026-09-09T21:31:17+00:00,nakkhu_lele,2.13,4.00,5.20,0.010,STEADY
2026-09-09T21:31:17+00:00,roshi_panauti,2.43,4.20,5.50,-0.010,STEADY
2026-09-09T21:31:17+00:00,koshi_chatara,4.86,6.00,7.50,-0.060,FALLING
2026-09-09T21:31:17+00:00,narayani_devghat,5.58,7.30,9.00,-0.010,STEADY
2026-09-09T21:31:17+00:00,melamchi_helambu,2.80,4.80,6.00,0.090,RISING
2026-09-09T21:31:17+00:00,west_rapti_kusum,3.26,5.40,6.80,0.030,STEADY
2026-09-09T21:31:17+00:00,babai_chepang,3.94,6.10,7.40,-0.020,STEADY
2026-09-09T21:31:17+00:00,karnali_chisapani,6.69,10.00,12.00,-0.070,FALLING
2026-09-09T21:31:17+00:00,kamala_ranibas,2.58,4.50,5.80,0.070,RISING
2026-09-09T21:31:17+00:00,kankai_mainachuli,2.23,4.20,5.60,-0.080,FALLING
2026-09-09T21:31:17+00:00,hanumante_thimi,2.07,3.50,4.80,0.080,RISING
2026-09-09T21:31:17+00:00,manohara_jadibuti,2.24,4.00,5.20,-0.100,FALLING
2026-09-09T21:31:17+00:00,dhobikhola_anamnagar,1.64,3.20,4.20,-0.090,FALLING
2026-09-09T21:31:17+00:00,bishnumati_gongabu,1.91,3.80,5.00,-0.070,FALLING
2026-09-09T21:31:17+00:00,karmanasa_imadol,1.47,3.00,4.00,0.080,RISING
2026-09-09T21:31:17+00:00,bhotekoshi_barhabise,3.22,5.00,6.50,0.100,RISING
2026-09-09T21:31:17+00:00,seti_ramghat,4.21,6.50,8.50,0.110,RISING
2026-09-09T23:31:09+00:00,bagmati_balkhu,3.04,5.50,7.00,-0.090,FALLING
2026-09-09T23:31:09+00:00,bagmati_gaurighat,4.02,6.80,8.00,-0.080,FALLING
2026-09-09T23:31:09+00:00,bagmati_sundarijal,2.42,4.50,5.80,0.020,STEADY
2026-09-09T23:31:09+00:00,bagmati_chobhar,4.40,7.00,8.50,0.100,RISING
2026-09-09T23:31:09+00:00,nakkhu_lele,1.97,4.00,5.20,0.040,STEADY
2026-09-09T23:31:09+00:00,roshi_panauti,2.14,4.20,5.50,0.110,RISING
2026-09-09T23:31:09+00:00,koshi_chatara,4.68,6.00,7.50,-0.040,STEADY
2026-09-09T23:31:09+00:00,narayani_devghat,5.19,7.30,9.00,0.030,STEADY
2026-09-09T23:31:09+00:00,melamchi_helambu,2.55,4.80,6.00,-0.040,STEADY
2026-09-09T23:31:09+00:00,west_rapti_kusum,3.04,5.40,6.80,-0.020,STEADY
2026-09-09T23:31:09+00:00,babai_chepang,3.67,6.10,7.40,-0.040,STEADY
2026-09-09T23:31:09+00:00,karnali_chisapani,6.38,10.00,12.00,0.070,RISING
2026-09-09T23:31:09+00:00,kamala_ranibas,2.40,4.50,5.80,0.090,RISING
2026-09-09T23:31:09+00:00,kankai_mainachuli,1.98,4.20,5.60,-0.020,STEADY
2026-09-09T23:31:09+00:00,hanumante_thimi,1.78,3.50,4.80,0.060,RISING
2026-09-09T23:31:09+00:00,manohara_jadibuti,2.09,4.00,5.20,0.040,STEADY
2026-09-09T23:31:09+00:00,dhobikhola_anamnagar,1.42,3.20,4.20,0.010,STEADY
2026-09-09T23:31:09+00:00,bishnumati_gongabu,1.70,3.80,5.00,0.130,RISING
2026-09-09T23:31:09+00:00,karmanasa_imadol,1.35,3.00,4.00,-0.080,FALLING
2026-09-09T23:31:09+00:00,bhotekoshi_barhabise,2.95,5.00,6.50,-0.090,FALLING
2026-09-09T23:31:09+00:00,seti_ramghat,4.02,6.50,8.50,0.100,RISING
2026-09-10T01:29:02+00:00,bagmati_balkhu,3.34,5.50,7.00,0.120,RISING
2026-09-10T01:29:02+00:00,bagmati_gaurighat,4.32,6.80,8.00,-0.080,FALLING
2026-09-10T01:29:02+00:00,bagmati_sundarijal,2.77,4.50,5.80,0.040,STEADY
2026-09-10T01:29:02+00:00,bagmati_chobhar,4.66,7.00,8.50,0.100,RISING
2026-09-10T01:29:02+00:00,nakkhu_lele,2.17,4.00,5.20,0.090,RISING
2026-09-10T01:29:02+00:00,roshi_panauti,2.46,4.20,5.50,0.020,STEADY
2026-09-10T01:29:02+00:00,koshi_chatara,4.95,6.00,7.50,-0.020,STEADY
2026-09-10T01:29:02+00:00,narayani_devghat,5.61,7.30,9.00,0.110,RISING
2026-09-10T01:29:02+00:00,melamchi_helambu,2.87,4.80,6.00,0.030,STEADY
2026-09-10T01:29:02+00:00,west_rapti_kusum,3.25,5.40,6.80,-0.060,FALLING
2026-09-10T01:29:02+00:00,babai_chepang,3.98,6.10,7.40,-0.020,STEADY
2026-09-10T01:29:02+00:00,karnali_chisapani,6.62,10.00,12.00,0.080,RISING
2026-09-10T01:29:02+00:00,kamala_ranibas,2.71,4.50,5.80,-0.010,STEADY
2026-09-10T01:29:02+00:00,kankai_mainachuli,2.25,4.20,5.60,-0.090,FALLING
2026-09-10T01:29:02+00:00,hanumante_thimi,2.11,3.50,4.80,-0.020,STEADY
2026-09-10T01:29:02+00:00,manohara_jadibuti,2.42,4.00,5.20,0.010,STEADY
2026-09-10T01:29:02+00:00,dhobikhola_anamnagar,1.79,3.20,4.20,0.110,RISING
2026-09-10T01:29:02+00:00,bishnumati_gongabu,1.91,3.80,5.00,-0.080,FALLING
2026-09-10T01:29:02+00:00,karmanasa_imadol,1.59,3.00,4.00,-0.100,FALLING
2026-09-10T01:29:02+00:00,bhotekoshi_barhabise,3.15,5.00,6.50,-0.070,FALLING
2026-09-10T01:29:02+00:00,seti_ramghat,4.17,6.50,8.50,-0.080,FALLING
2026-09-10T06:36:19+00:00,bagmati_balkhu,3.20,5.50,7.00,0.060,RISING
2026-09-10T06:36:19+00:00,bagmati_gaurighat,3.99,6.80,8.00,0.100,RISING
2026-09-10T06:36:19+00:00,bagmati_sundarijal,2.60,4.50,5.80,0.130,RISING
2026-09-10T06:36:19+00:00,bagmati_chobhar,4.49,7.00,8.50,0.030,STEADY
2026-09-10T06:36:19+00:00,nakkhu_lele,2.15,4.00,5.20,-0.020,STEADY
2026-09-10T06:36:19+00:00,roshi_panauti,2.18,4.20,5.50,0.000,STEADY
2026-09-10T06:36:19+00:00,koshi_chatara,4.71,6.00,7.50,-0.100,FALLING
2026-09-10T06:36:19+00:00,narayani_devghat,5.32,7.30,9.00,0.110,RISING
2026-09-10T06:36:19+00:00,melamchi_helambu,2.69,4.80,6.00,0.100,RISING
2026-09-10T06:36:19+00:00,west_rapti_kusum,3.14,5.40,6.80,0.140,RISING
2026-09-10T06:36:19+00:00,babai_chepang,3.74,6.10,7.40,0.120,RISING
2026-09-10T06:36:19+00:00,karnali_chisapani,6.52,10.00,12.00,0.080,RISING
2026-09-10T06:36:19+00:00,kamala_ranibas,2.42,4.50,5.80,-0.080,FALLING
2026-09-10T06:36:19+00:00,kankai_mainachuli,2.09,4.20,5.60,0.150,RISING
2026-09-10T06:36:19+00:00,hanumante_thimi,1.94,3.50,4.80,-0.000,STEADY
2026-09-10T06:36:19+00:00,manohara_jadibuti,2.22,4.00,5.20,-0.040,STEADY
2026-09-10T06:36:19+00:00,dhobikhola_anamnagar,1.52,3.20,4.20,-0.060,FALLING
2026-09-10T06:36:19+00:00,bishnumati_gongabu,1.67,3.80,5.00,-0.040,STEADY
2026-09-10T06:36:19+00:00,karmanasa_imadol,1.42,3.00,4.00,0.050,STEADY
2026-09-10T06:36:19+00:00,bhotekoshi_barhabise,3.09,5.00,6.50,0.080,RISING
2026-09-10T06:36:19+00:00,seti_ramghat,4.02,6.50,8.50,0.030,STEADY
2026-09-10T11:51:17+00:00,bagmati_balkhu,3.02,5.50,7.00,0.080,RISING
2026-09-10T11:51:17+00:00,bagmati_gaurighat,3.98,6.80,8.00,0.050,STEADY
2026-09-10T11:51:17+00:00,bagmati_sundarijal,2.46,4.50,5.80,0.070,RISING
2026-09-10T11:51:17+00:00,bagmati_chobhar,4.38,7.00,8.50,0.070,RISING
2026-09-10T11:51:17+00:00,nakkhu_lele,1.96,4.00,5.20,0.100,RISING
2026-09-10T11:51:17+00:00,roshi_panauti,2.22,4.20,5.50,-0.050,STEADY
2026-09-10T11:51:17+00:00,koshi_chatara,4.63,6.00,7.50,-0.040,STEADY
2026-09-10T11:51:17+00:00,narayani_devghat,5.33,7.30,9.00,0.020,STEADY
2026-09-10T11:51:17+00:00,melamchi_helambu,2.46,4.80,6.00,-0.100,FALLING
2026-09-10T11:51:17+00:00,west_rapti_kusum,2.86,5.40,6.80,0.060,RISING
2026-09-10T11:51:17+00:00,babai_chepang,3.74,6.10,7.40,0.150,RISING
2026-09-10T11:51:17+00:00,karnali_chisapani,6.36,10.00,12.00,-0.090,FALLING
2026-09-10T11:51:17+00:00,kamala_ranibas,2.28,4.50,5.80,-0.030,STEADY
2026-09-10T11:51:17+00:00,kankai_mainachuli,2.14,4.20,5.60,-0.070,FALLING
2026-09-10T11:51:17+00:00,hanumante_thimi,1.77,3.50,4.80,0.040,STEADY
2026-09-10T11:51:17+00:00,manohara_jadibuti,1.96,4.00,5.20,-0.030,STEADY
2026-09-10T11:51:17+00:00,dhobikhola_anamnagar,1.47,3.20,4.20,0.110,RISING
2026-09-10T11:51:17+00:00,bishnumati_gongabu,1.62,3.80,5.00,-0.070,FALLING
2026-09-10T11:51:17+00:00,karmanasa_imadol,1.26,3.00,4.00,-0.010,STEADY
2026-09-10T11:51:17+00:00,bhotekoshi_barhabise,2.93,5.00,6.50,0.120,RISING
2026-09-10T11:51:17+00:00,seti_ramghat,3.96,6.50,8.50,0.070,RISING
2026-09-10T15:55:56+00:00,bagmati_balkhu,3.37,5.50,7.00,0.020,STEADY
2026-09-10T15:55:56+00:00,bagmati_gaurighat,4.23,6.80,8.00,0.070,RISING
2026-09-10T15:55:56+00:00,bagmati_sundarijal,2.62,4.50,5.80,0.080,RISING
2026-09-10T15:55:56+00:00,bagmati_chobhar,4.57,7.00,8.50,0.060,RISING
2026-09-10T15:55:56+00:00,nakkhu_lele,2.14,4.00,5.20,-0.070,FALLING
2026-09-10T15:55:56+00:00,roshi_panauti,2.49,4.20,5.50,-0.070,FALLING
2026-09-10T15:55:56+00:00,koshi_chatara,4.89,6.00,7.50,0.070,RISING
2026-09-10T15:55:56+00:00,narayani_devghat,5.41,7.30,9.00,-0.040,STEADY
2026-09-10T15:55:56+00:00,melamchi_helambu,2.73,4.80,6.00,0.050,STEADY
2026-09-10T15:55:56+00:00,west_rapti_kusum,3.15,5.40,6.80,0.080,RISING
2026-09-10T15:55:56+00:00,babai_chepang,3.87,6.10,7.40,-0.060,FALLING
2026-09-10T15:55:56+00:00,karnali_chisapani,6.63,10.00,12.00,0.060,RISING
2026-09-10T15:55:56+00:00,kamala_ranibas,2.68,4.50,5.80,0.020,STEADY
2026-09-10T15:55:56+00:00,kankai_mainachuli,2.30,4.20,5.60,0.120,RISING
2026-09-10T15:55:56+00:00,hanumante_thimi,1.96,3.50,4.80,-0.090,FALLING
2026-09-10T15:55:56+00:00,manohara_jadibuti,2.28,4.00,5.20,0.090,RISING
2026-09-10T15:55:56+00:00,dhobikhola_anamnagar,1.70,3.20,4.20,0.010,STEADY
2026-09-10T15:55:56+00:00,bishnumati_gongabu,1.95,3.80,5.00,0.090,RISING
2026-09-10T15:55:56+00:00,karmanasa_imadol,1.45,3.00,4.00,-0.050,STEADY
2026-09-10T15:55:56+00:00,bhotekoshi_barhabise,3.26,5.00,6.50,0.100,RISING
2026-09-10T15:55:56+00:00,seti_ramghat,4.14,6.50,8.50,0.000,STEADY
2026-09-10T18:59:24+00:00,bagmati_balkhu,3.08,5.50,7.00,-0.070,FALLING
2026-09-10T18:59:24+00:00,bagmati_gaurighat,3.90,6.80,8.00,0.090,RISING
2026-09-10T18:59:24+00:00,bagmati_sundarijal,2.41,4.50,5.80,0.110,RISING
2026-09-10T18:59:24+00:00,bagmati_chobhar,4.34,7.00,8.50,-0.070,FALLING
2026-09-10T18:59:24+00:00,nakkhu_lele,2.03,4.00,5.20,-0.080,FALLING
2026-09-10T18:59:24+00:00,roshi_panauti,2.14,4.20,5.50,-0.010,STEADY
2026-09-10T18:59:24+00:00,koshi_chatara,4.78,6.00,7.50,0.120,RISING
2026-09-10T18:59:24+00:00,narayani_devghat,5.22,7.30,9.00,-0.080,FALLING
2026-09-10T18:59:24+00:00,melamchi_helambu,2.67,4.80,6.00,0.130,RISING
2026-09-10T18:59:24+00:00,west_rapti_kusum,3.02,5.40,6.80,0.060,RISING
2026-09-10T18:59:24+00:00,babai_chepang,3.74,6.10,7.40,-0.070,FALLING
2026-09-10T18:59:24+00:00,karnali_chisapani,6.48,10.00,12.00,0.060,RISING
2026-09-10T18:59:24+00:00,kamala_ranibas,2.36,4.50,5.80,-0.070,FALLING
2026-09-10T18:59:24+00:00,kankai_mainachuli,2.02,4.20,5.60,0.120,RISING
2026-09-10T18:59:24+00:00,hanumante_thimi,1.69,3.50,4.80,0.030,STEADY
2026-09-10T18:59:24+00:00,manohara_jadibuti,2.05,4.00,5.20,0.140,RISING
2026-09-10T18:59:24+00:00,dhobikhola_anamnagar,1.47,3.20,4.20,-0.090,FALLING
2026-09-10T18:59:24+00:00,bishnumati_gongabu,1.68,3.80,5.00,0.040,STEADY
2026-09-10T18:59:24+00:00,karmanasa_imadol,1.25,3.00,4.00,-0.090,FALLING
2026-09-10T18:59:24+00:00,bhotekoshi_barhabise,2.95,5.00,6.50,0.130,RISING
2026-09-10T18:59:24+00:00,seti_ramghat,3.94,6.50,8.50,0.090,RISING
2026-09-10T21:33:47+00:00,bagmati_balkhu,3.38,5.50,7.00,0.010,STEADY
2026-09-10T21:33:47+00:00,bagmati_gaurighat,4.27,6.80,8.00,0.110,RISING
2026-09-10T21:33:47+00:00,bagmati_sundarijal,2.63,4.50,5.80,0.000,STEADY
2026-09-10T21:33:47+00:00,bagmati_chobhar,4.66,7.00,8.50,-0.050,STEADY
2026-09-10T21:33:47+00:00,nakkhu_lele,2.23,4.00,5.20,0.110,RISING
2026-09-10T21:33:47+00:00,roshi_panauti,2.41,4.20,5.50,0.090,RISING
2026-09-10T21:33:47+00:00,koshi_chatara,4.95,6.00,7.50,0.030,STEADY
2026-09-10T21:33:47+00:00,narayani_devghat,5.53,7.30,9.00,0.020,STEADY
2026-09-10T21:33:47+00:00,melamchi_helambu,2.74,4.80,6.00,0.000,STEADY
2026-09-10T21:33:47+00:00,west_rapti_kusum,3.29,5.40,6.80,0.120,RISING
2026-09-10T21:33:47+00:00,babai_chepang,3.94,6.10,7.40,0.100,RISING
2026-09-10T21:33:47+00:00,karnali_chisapani,6.56,10.00,12.00,-0.090,FALLING
2026-09-10T21:33:47+00:00,kamala_ranibas,2.63,4.50,5.80,-0.020,STEADY
2026-09-10T21:33:47+00:00,kankai_mainachuli,2.23,4.20,5.60,0.140,RISING
2026-09-10T21:33:47+00:00,hanumante_thimi,1.99,3.50,4.80,0.130,RISING
2026-09-10T21:33:47+00:00,manohara_jadibuti,2.36,4.00,5.20,0.040,STEADY
2026-09-10T21:33:47+00:00,dhobikhola_anamnagar,1.63,3.20,4.20,0.150,RISING
2026-09-10T21:33:47+00:00,bishnumati_gongabu,1.85,3.80,5.00,-0.100,FALLING
2026-09-10T21:33:47+00:00,karmanasa_imadol,1.46,3.00,4.00,0.060,RISING
2026-09-10T21:33:47+00:00,bhotekoshi_barhabise,3.16,5.00,6.50,0.120,RISING
2026-09-10T21:33:47+00:00,seti_ramghat,4.17,6.50,8.50,0.130,RISING
2026-09-10T23:24:52+00:00,bagmati_balkhu,3.13,5.50,7.00,0.020,STEADY
2026-09-10T23:24:52+00:00,bagmati_gaurighat,4.06,6.80,8.00,0.070,RISING
2026-09-10T23:24:52+00:00,bagmati_sundarijal,2.51,4.50,5.80,0.060,RISING
2026-09-10T23:24:52+00:00,bagmati_chobhar,4.37,7.00,8.50,0.050,STEADY
2026-09-10T23:24:52+00:00,nakkhu_lele,2.01,4.00,5.20,0.060,RISING
2026-09-10T23:24:52+00:00,roshi_panauti,2.17,4.20,5.50,-0.080,FALLING
2026-09-10T23:24:52+00:00,koshi_chatara,4.76,6.00,7.50,-0.020,STEADY
2026-09-10T23:24:52+00:00,narayani_devghat,5.32,7.30,9.00,-0.070,FALLING
2026-09-10T23:24:52+00:00,melamchi_helambu,2.52,4.80,6.00,0.100,RISING
2026-09-10T23:24:52+00:00,west_rapti_kusum,3.07,5.40,6.80,0.040,STEADY
2026-09-10T23:24:52+00:00,babai_chepang,3.72,6.10,7.40,-0.030,STEADY
2026-09-10T23:24:52+00:00,karnali_chisapani,6.36,10.00,12.00,-0.030,STEADY
2026-09-10T23:24:52+00:00,kamala_ranibas,2.46,4.50,5.80,0.140,RISING
2026-09-10T23:24:52+00:00,kankai_mainachuli,2.16,4.20,5.60,-0.070,FALLING
2026-09-10T23:24:52+00:00,hanumante_thimi,1.87,3.50,4.80,-0.090,FALLING
2026-09-10T23:24:52+00:00,manohara_jadibuti,2.05,4.00,5.20,0.100,RISING
2026-09-10T23:24:52+00:00,dhobikhola_anamnagar,1.54,3.20,4.20,-0.040,STEADY
2026-09-10T23:24:52+00:00,bishnumati_gongabu,1.68,3.80,5.00,0.080,RISING
2026-09-10T23:24:52+00:00,karmanasa_imadol,1.20,3.00,4.00,0.080,RISING
2026-09-10T23:24:52+00:00,bhotekoshi_barhabise,3.05,5.00,6.50,0.110,RISING
2026-09-10T23:24:52+00:00,seti_ramghat,4.06,6.50,8.50,-0.030,STEADY
2026-09-11T06:26:32+00:00,bagmati_balkhu,3.13,5.50,7.00,-0.020,STEADY
2026-09-11T06:26:32+00:00,bagmati_gaurighat,4.07,6.80,8.00,-0.050,STEADY
2026-09-11T06:26:32+00:00,bagmati_sundarijal,2.57,4.50,5.80,0.080,RISING
2026-09-11T06:26:32+00:00,bagmati_chobhar,4.41,7.00,8.50,-0.040,STEADY
2026-09-11T06:26:32+00:00,nakkhu_lele,1.97,4.00,5.20,0.140,RISING
2026-09-11T06:26:32+00:00,roshi_panauti,2.27,4.20,5.50,0.030,STEADY
2026-09-11T06:26:32+00:00,koshi_chatara,4.77,6.00,7.50,-0.050,STEADY
2026-09-11T06:26:32+00:00,narayani_devghat,5.38,7.30,9.00,0.150,RISING
2026-09-11T06:26:32+00:00,melamchi_helambu,2.58,4.80,6.00,-0.060,FALLING
2026-09-11T06:26:32+00:00,west_rapti_kusum,3.03,5.40,6.80,-0.040,STEADY
2026-09-11T06:26:32+00:00,babai_chepang,3.66,6.10,7.40,0.120,RISING
2026-09-11T06:26:32+00:00,karnali_chisapani,6.49,10.00,12.00,0.050,STEADY
2026-09-11T06:26:32+00:00,kamala_ranibas,2.55,4.50,5.80,0.120,RISING
2026-09-11T06:26:32+00:00,kankai_mainachuli,2.19,4.20,5.60,-0.000,STEADY
2026-09-11T06:26:32+00:00,hanumante_thimi,1.94,3.50,4.80,-0.090,FALLING
2026-09-11T06:26:32+00:00,manohara_jadibuti,2.24,4.00,5.20,0.110,RISING
2026-09-11T06:26:32+00:00,dhobikhola_anamnagar,1.64,3.20,4.20,-0.060,FALLING
2026-09-11T06:26:32+00:00,bishnumati_gongabu,1.77,3.80,5.00,0.000,STEADY
2026-09-11T06:26:32+00:00,karmanasa_imadol,1.33,3.00,4.00,-0.020,STEADY
2026-09-11T06:26:32+00:00,bhotekoshi_barhabise,3.08,5.00,6.50,0.050,STEADY
2026-09-11T06:26:32+00:00,seti_ramghat,4.13,6.50,8.50,-0.090,FALLING
2026-09-11T11:42:24+00:00,bagmati_balkhu,3.02,5.50,7.00,0.040,STEADY
2026-09-11T11:42:24+00:00,bagmati_gaurighat,3.97,6.80,8.00,-0.000,STEADY
2026-09-11T11:42:24+00:00,bagmati_sundarijal,2.36,4.50,5.80,0.070,RISING
2026-09-11T11:42:24+00:00,bagmati_chobhar,4.37,7.00,8.50,-0.060,FALLING
2026-09-11T11:42:24+00:00,nakkhu_lele,2.00,4.00,5.20,-0.100,FALLING
2026-09-11T11:42:24+00:00,roshi_panauti,2.18,4.20,5.50,-0.040,STEADY
2026-09-11T11:42:24+00:00,koshi_chatara,4.59,6.00,7.50,0.110,RISING
2026-09-11T11:42:24+00:00,narayani_devghat,5.16,7.30,9.00,0.080,RISING
2026-09-11T11:42:24+00:00,melamchi_helambu,2.59,4.80,6.00,-0.010,STEADY
2026-09-11T11:42:24+00:00,west_rapti_kusum,2.90,5.40,6.80,-0.000,STEADY
2026-09-11T11:42:24+00:00,babai_chepang,3.68,6.10,7.40,-0.010,STEADY
2026-09-11T11:42:24+00:00,karnali_chisapani,6.35,10.00,12.00,0.030,STEADY
2026-09-11T11:42:24+00:00,kamala_ranibas,2.36,4.50,5.80,0.130,RISING
2026-09-11T11:42:24+00:00,kankai_mainachuli,2.06,4.20,5.60,0.020,STEADY
2026-09-11T11:42:24+00:00,hanumante_thimi,1.76,3.50,4.80,0.020,STEADY
2026-09-11T11:42:24+00:00,manohara_jadibuti,2.00,4.00,5.20,0.140,RISING
2026-09-11T11:42:24+00:00,dhobikhola_anamnagar,1.41,3.20,4.20,0.020,STEADY
2026-09-11T11:42:24+00:00,bishnumati_gongabu,1.74,3.80,5.00,0.120,RISING
2026-09-11T11:42:24+00:00,karmanasa_imadol,1.27,3.00,4.00,0.140,RISING
2026-09-11T11:42:24+00:00,bhotekoshi_barhabise,2.99,5.00,6.50,-0.050,STEADY
2026-09-11T11:42:24+00:00,seti_ramghat,3.95,6.50,8.50,0.010,STEADY
2026-09-11T15:14:14+00:00,bagmati_balkhu,3.22,5.50,7.00,-0.010,STEADY
2026-09-11T15:14:14+00:00,bagmati_gaurighat,4.13,6.80,8.00,-0.020,STEADY
2026-09-11T15:14:14+00:00,bagmati_sundarijal,2.74,4.50,5.80,0.140,RISING
2026-09-11T15:14:14+00:00,bagmati_chobhar,4.57,7.00,8.50,0.020,STEADY
2026-09-11T15:14:14+00:00,nakkhu_lele,2.26,4.00,5.20,-0.010,STEADY
2026-09-11T15:14:14+00:00,roshi_panauti,2.34,4.20,5.50,0.040,STEADY
2026-09-11T15:14:14+00:00,koshi_chatara,4.95,6.00,7.50,0.040,STEADY
2026-09-11T15:14:14+00:00,narayani_devghat,5.48,7.30,9.00,0.140,RISING
2026-09-11T15:14:14+00:00,melamchi_helambu,2.83,4.80,6.00,0.090,RISING
2026-09-11T15:14:14+00:00,west_rapti_kusum,3.29,5.40,6.80,0.090,RISING
2026-09-11T15:14:14+00:00,babai_chepang,3.82,6.10,7.40,-0.060,FALLING
2026-09-11T15:14:14+00:00,karnali_chisapani,6.69,10.00,12.00,-0.010,STEADY
2026-09-11T15:14:14+00:00,kamala_ranibas,2.57,4.50,5.80,-0.040,STEADY
2026-09-11T15:14:14+00:00,kankai_mainachuli,2.27,4.20,5.60,0.140,RISING
2026-09-11T15:14:14+00:00,hanumante_thimi,1.92,3.50,4.80,0.120,RISING
2026-09-11T15:14:14+00:00,manohara_jadibuti,2.38,4.00,5.20,-0.010,STEADY
2026-09-11T15:14:14+00:00,dhobikhola_anamnagar,1.73,3.20,4.20,-0.060,FALLING
2026-09-11T15:14:14+00:00,bishnumati_gongabu,1.87,3.80,5.00,-0.050,STEADY
2026-09-11T15:14:14+00:00,karmanasa_imadol,1.48,3.00,4.00,0.070,RISING
2026-09-11T15:14:14+00:00,bhotekoshi_barhabise,3.16,5.00,6.50,-0.090,FALLING
2026-09-11T15:14:14+00:00,seti_ramghat,4.27,6.50,8.50,-0.020,STEADY
2026-09-11T18:37:57+00:00,bagmati_balkhu,3.12,5.50,7.00,-0.050,STEADY
2026-09-11T18:37:57+00:00,bagmati_gaurighat,4.09,6.80,8.00,0.090,RISING
2026-09-11T18:37:57+00:00,bagmati_sundarijal,2.39,4.50,5.80,0.140,RISING
2026-09-11T18:37:57+00:00,bagmati_chobhar,4.35,7.00,8.50,-0.020,STEADY
2026-09-11T18:37:57+00:00,nakkhu_lele,2.05,4.00,5.20,0.010,STEADY
2026-09-11T18:37:57+00:00,roshi_panauti,2.14,4.20,5.50,0.080,RISING
2026-09-11T18:37:57+00:00,koshi_chatara,4.73,6.00,7.50,-0.070,FALLING
2026-09-11T18:37:57+00:00,narayani_devghat,5.35,7.30,9.00,0.050,STEADY
2026-09-11T18:37:57+00:00,melamchi_helambu,2.60,4.80,6.00,0.130,RISING
2026-09-11T18:37:57+00:00,west_rapti_kusum,3.01,5.40,6.80,-0.030,STEADY
2026-09-11T18:37:57+00:00,babai_chepang,3.61,6.10,7.40,0.140,RISING
2026-09-11T18:37:57+00:00,karnali_chisapani,6.31,10.00,12.00,0.050,STEADY
2026-09-11T18:37:57+00:00,kamala_ranibas,2.47,4.50,5.80,0.010,STEADY
2026-09-11T18:37:57+00:00,kankai_mainachuli,2.14,4.20,5.60,-0.090,FALLING
2026-09-11T18:37:57+00:00,hanumante_thimi,1.69,3.50,4.80,-0.030,STEADY
2026-09-11T18:37:57+00:00,manohara_jadibuti,2.00,4.00,5.20,0.150,RISING
2026-09-11T18:37:57+00:00,dhobikhola_anamnagar,1.55,3.20,4.20,0.080,RISING
2026-09-11T18:37:57+00:00,bishnumati_gongabu,1.69,3.80,5.00,-0.080,FALLING
2026-09-11T18:37:57+00:00,karmanasa_imadol,1.24,3.00,4.00,0.040,STEADY
2026-09-11T18:37:57+00:00,bhotekoshi_barhabise,3.04,5.00,6.50,0.110,RISING
2026-09-11T18:37:57+00:00,seti_ramghat,4.03,6.50,8.50,-0.070,FALLING
2026-09-11T21:20:05+00:00,bagmati_balkhu,3.25,5.50,7.00,0.140,RISING
2026-09-11T21:20:05+00:00,bagmati_gaurighat,4.25,6.80,8.00,-0.040,STEADY
2026-09-11T21:20:05+00:00,bagmati_sundarijal,2.76,4.50,5.80,-0.040,STEADY
2026-09-11T21:20:05+00:00,bagmati_chobhar,4.55,7.00,8.50,-0.060,FALLING
2026-09-11T21:20:05+00:00,nakkhu_lele,2.22,4.00,5.20,0.100,RISING
2026-09-11T21:20:05+00:00,roshi_panauti,2.35,4.20,5.50,0.090,RISING
2026-09-11T21:20:05+00:00,koshi_chatara,4.92,6.00,7.50,0.120,RISING
2026-09-11T21:20:05+00:00,narayani_devghat,5.53,7.30,9.00,-0.100,FALLING
2026-09-11T21:20:05+00:00,melamchi_helambu,2.84,4.80,6.00,-0.090,FALLING
2026-09-11T21:20:05+00:00,west_rapti_kusum,3.19,5.40,6.80,0.130,RISING
2026-09-11T21:20:05+00:00,babai_chepang,3.84,6.10,7.40,0.010,STEADY
2026-09-11T21:20:05+00:00,karnali_chisapani,6.69,10.00,12.00,-0.050,STEADY
2026-09-11T21:20:05+00:00,kamala_ranibas,2.60,4.50,5.80,0.010,STEADY
2026-09-11T21:20:05+00:00,kankai_mainachuli,2.39,4.20,5.60,0.010,STEADY
2026-09-11T21:20:05+00:00,hanumante_thimi,2.01,3.50,4.80,-0.030,STEADY
2026-09-11T21:20:05+00:00,manohara_jadibuti,2.25,4.00,5.20,-0.090,FALLING
2026-09-11T21:20:05+00:00,dhobikhola_anamnagar,1.80,3.20,4.20,0.130,RISING
2026-09-11T21:20:05+00:00,bishnumati_gongabu,1.90,3.80,5.00,0.040,STEADY
2026-09-11T21:20:05+00:00,karmanasa_imadol,1.60,3.00,4.00,0.120,RISING
2026-09-11T21:20:05+00:00,bhotekoshi_barhabise,3.17,5.00,6.50,0.020,STEADY
2026-09-11T21:20:05+00:00,seti_ramghat,4.19,6.50,8.50,-0.000,STEADY
2026-09-11T23:29:04+00:00,bagmati_balkhu,3.05,5.50,7.00,0.030,STEADY
2026-09-11T23:29:04+00:00,bagmati_gaurighat,4.04,6.80,8.00,-0.020,STEADY
2026-09-11T23:29:04+00:00,bagmati_sundarijal,2.46,4.50,5.80,0.020,STEADY
2026-09-11T23:29:04+00:00,bagmati_chobhar,4.37,7.00,8.50,-0.040,STEADY
2026-09-11T23:29:04+00:00,nakkhu_lele,2.03,4.00,5.20,0.040,STEADY
2026-09-11T23:29:04+00:00,roshi_panauti,2.19,4.20,5.50,-0.030,STEADY
2026-09-11T23:29:04+00:00,koshi_chatara,4.68,6.00,7.50,0.130,RISING
2026-09-11T23:29:04+00:00,narayani_devghat,5.36,7.30,9.00,0.010,STEADY
2026-09-11T23:29:04+00:00,melamchi_helambu,2.49,4.80,6.00,0.090,RISING
2026-09-11T23:29:04+00:00,west_rapti_kusum,2.97,5.40,6.80,-0.060,FALLING
2026-09-11T23:29:04+00:00,babai_chepang,3.76,6.10,7.40,-0.010,STEADY
2026-09-11T23:29:04+00:00,karnali_chisapani,6.38,10.00,12.00,0.070,RISING
2026-09-11T23:29:04+00:00,kamala_ranibas,2.46,4.50,5.80,-0.040,STEADY
2026-09-11T23:29:04+00:00,kankai_mainachuli,2.12,4.20,5.60,0.080,RISING
2026-09-11T23:29:04+00:00,hanumante_thimi,1.73,3.50,4.80,0.040,STEADY
2026-09-11T23:29:04+00:00,manohara_jadibuti,2.10,4.00,5.20,-0.000,STEADY
2026-09-11T23:29:04+00:00,dhobikhola_anamnagar,1.38,3.20,4.20,0.070,RISING
2026-09-11T23:29:04+00:00,bishnumati_gongabu,1.76,3.80,5.00,0.110,RISING
2026-09-11T23:29:04+00:00,karmanasa_imadol,1.36,3.00,4.00,0.140,RISING
2026-09-11T23:29:04+00:00,bhotekoshi_barhabise,2.88,5.00,6.50,-0.080,FALLING
2026-09-11T23:29:04+00:00,seti_ramghat,3.93,6.50,8.50,0.050,STEADY
2026-09-12T01:28:13+00:00,bagmati_balkhu,3.41,5.50,7.00,-0.020,STEADY
2026-09-12T01:28:13+00:00,bagmati_gaurighat,4.21,6.80,8.00,0.120,RISING
2026-09-12T01:28:13+00:00,bagmati_sundarijal,2.75,4.50,5.80,0.070,RISING
2026-09-12T01:28:13+00:00,bagmati_chobhar,4.58,7.00,8.50,0.030,STEADY
2026-09-12T01:28:13+00:00,nakkhu_lele,2.31,4.00,5.20,0.010,STEADY
2026-09-12T01:28:13+00:00,roshi_panauti,2.45,4.20,5.50,0.060,RISING
2026-09-12T01:28:13+00:00,koshi_chatara,4.91,6.00,7.50,0.070,RISING
2026-09-12T01:28:13+00:00,narayani_devghat,5.57,7.30,9.00,0.140,RISING
2026-09-12T01:28:13+00:00,melamchi_helambu,2.83,4.80,6.00,-0.040,STEADY
2026-09-12T01:28:13+00:00,west_rapti_kusum,3.22,5.40,6.80,-0.030,STEADY
2026-09-12T01:28:13+00:00,babai_chepang,3.84,6.10,7.40,-0.000,STEADY
2026-09-12T01:28:13+00:00,karnali_chisapani,6.71,10.00,12.00,0.090,RISING
2026-09-12T01:28:13+00:00,kamala_ranibas,2.65,4.50,5.80,0.120,RISING
2026-09-12T01:28:13+00:00,kankai_mainachuli,2.25,4.20,5.60,0.130,RISING
2026-09-12T01:28:13+00:00,hanumante_thimi,2.04,3.50,4.80,0.060,RISING
2026-09-12T01:28:13+00:00,manohara_jadibuti,2.24,4.00,5.20,0.030,STEADY
2026-09-12T01:28:13+00:00,dhobikhola_anamnagar,1.63,3.20,4.20,0.090,RISING
2026-09-12T01:28:13+00:00,bishnumati_gongabu,1.85,3.80,5.00,0.110,RISING
2026-09-12T01:28:13+00:00,karmanasa_imadol,1.53,3.00,4.00,-0.040,STEADY
2026-09-12T01:28:13+00:00,bhotekoshi_barhabise,3.16,5.00,6.50,-0.080,FALLING
2026-09-12T01:28:13+00:00,seti_ramghat,4.17,6.50,8.50,-0.030,STEADY
2026-09-12T06:22:14+00:00,bagmati_balkhu,3.10,5.50,7.00,-0.060,FALLING
2026-09-12T06:22:14+00:00,bagmati_gaurighat,4.13,6.80,8.00,-0.000,STEADY
2026-09-12T06:22:14+00:00,bagmati_sundarijal,2.50,4.50,5.80,0.080,RISING
2026-09-12T06:22:14+00:00,bagmati_chobhar,4.42,7.00,8.50,0.020,STEADY
2026-09-12T06:22:14+00:00,nakkhu_lele,2.02,4.00,5.20,0.130,RISING
2026-09-12T06:22:14+00:00,roshi_panauti,2.18,4.20,5.50,-0.050,STEADY
2026-09-12T06:22:14+00:00,koshi_chatara,4.68,6.00,7.50,-0.030,STEADY
2026-09-12T06:22:14+00:00,narayani_devghat,5.44,7.30,9.00,-0.030,STEADY
2026-09-12T06:22:14+00:00,melamchi_helambu,2.66,4.80,6.00,0.030,STEADY
2026-09-12T06:22:14+00:00,west_rapti_kusum,3.07,5.40,6.80,0.070,RISING
2026-09-12T06:22:14+00:00,babai_chepang,3.68,6.10,7.40,0.060,RISING
2026-09-12T06:22:14+00:00,karnali_chisapani,6.53,10.00,12.00,0.090,RISING
2026-09-12T06:22:14+00:00,kamala_ranibas,2.38,4.50,5.80,0.030,STEADY
2026-09-12T06:22:14+00:00,kankai_mainachuli,2.12,4.20,5.60,-0.070,FALLING
2026-09-12T06:22:14+00:00,hanumante_thimi,1.84,3.50,4.80,0.120,RISING
2026-09-12T06:22:14+00:00,manohara_jadibuti,2.24,4.00,5.20,0.140,RISING
2026-09-12T06:22:14+00:00,dhobikhola_anamnagar,1.66,3.20,4.20,0.030,STEADY
2026-09-12T06:22:14+00:00,bishnumati_gongabu,1.81,3.80,5.00,-0.080,FALLING
2026-09-12T06:22:14+00:00,karmanasa_imadol,1.30,3.00,4.00,0.080,RISING
2026-09-12T06:22:14+00:00,bhotekoshi_barhabise,3.12,5.00,6.50,0.050,STEADY
2026-09-12T06:22:14+00:00,seti_ramghat,4.02,6.50,8.50,0.110,RISING
2026-09-12T11:06:31+00:00,bagmati_balkhu,3.13,5.50,7.00,-0.040,STEADY
2026-09-12T11:06:31+00:00,bagmati_gaurighat,3.89,6.80,8.00,0.120,RISING
2026-09-12T11:06:31+00:00,bagmati_sundarijal,2.52,4.50,5.80,0.140,RISING
2026-09-12T11:06:31+00:00,bagmati_chobhar,4.27,7.00,8.50,0.060,RISING
2026-09-12T11:06:31+00:00,nakkhu_lele,1.88,4.00,5.20,-0.060,FALLING
2026-09-12T11:06:31+00:00,roshi_panauti,2.09,4.20,5.50,-0.000,STEADY
2026-09-12T11:06:31+00:00,koshi_chatara,4.66,6.00,7.50,-0.030,STEADY
2026-09-12T11:06:31+00:00,narayani_devghat,5.27,7.30,9.00,0.150,RISING
2026-09-12T11:06:31+00:00,melamchi_helambu,2.64,4.80,6.00,-0.090,FALLING
2026-09-12T11:06:31+00:00,west_rapti_kusum,3.01,5.40,6.80,0.130,RISING
2026-09-12T11:06:31+00:00,babai_chepang,3.64,6.10,7.40,0.010,STEADY
2026-09-12T11:06:31+00:00,karnali_chisapani,6.42,10.00,12.00,0.110,RISING
2026-09-12T11:06:31+00:00,kamala_ranibas,2.44,4.50,5.80,-0.080,FALLING
2026-09-12T11:06:31+00:00,kankai_mainachuli,1.96,4.20,5.60,0.010,STEADY
2026-09-12T11:06:31+00:00,hanumante_thimi,1.66,3.50,4.80,0.050,STEADY
2026-09-12T11:06:31+00:00,manohara_jadibuti,2.11,4.00,5.20,0.070,RISING
2026-09-12T11:06:31+00:00,dhobikhola_anamnagar,1.39,3.20,4.20,-0.070,FALLING
2026-09-12T11:06:31+00:00,bishnumati_gongabu,1.60,3.80,5.00,0.040,STEADY
2026-09-12T11:06:31+00:00,karmanasa_imadol,1.16,3.00,4.00,0.090,RISING
2026-09-12T11:06:31+00:00,bhotekoshi_barhabise,2.93,5.00,6.50,0.030,STEADY
2026-09-12T11:06:31+00:00,seti_ramghat,3.94,6.50,8.50,-0.060,FALLING
2026-09-12T14:08:16+00:00,bagmati_balkhu,3.32,5.50,7.00,-0.040,STEADY
2026-09-12T14:08:16+00:00,bagmati_gaurighat,4.22,6.80,8.00,0.080,RISING
2026-09-12T14:08:16+00:00,bagmati_sundarijal,2.80,4.50,5.80,-0.020,STEADY
2026-09-12T14:08:16+00:00,bagmati_chobhar,4.72,7.00,8.50,-0.090,FALLING
2026-09-12T14:08:16+00:00,nakkhu_lele,2.27,4.00,5.20,-0.080,FALLING
2026-09-12T14:08:16+00:00,roshi_panauti,2.46,4.20,5.50,-0.060,FALLING
2026-09-12T14:08:16+00:00,koshi_chatara,4.91,6.00,7.50,-0.000,STEADY
2026-09-12T14:08:16+00:00,narayani_devghat,5.46,7.30,9.00,0.060,RISING
2026-09-12T14:08:16+00:00,melamchi_helambu,2.86,4.80,6.00,-0.060,FALLING
2026-09-12T14:08:16+00:00,west_rapti_kusum,3.15,5.40,6.80,0.100,RISING
2026-09-12T14:08:16+00:00,babai_chepang,3.92,6.10,7.40,0.140,RISING
2026-09-12T14:08:16+00:00,karnali_chisapani,6.73,10.00,12.00,0.020,STEADY
2026-09-12T14:08:16+00:00,kamala_ranibas,2.59,4.50,5.80,-0.020,STEADY
2026-09-12T14:08:16+00:00,kankai_mainachuli,2.37,4.20,5.60,0.030,STEADY
2026-09-12T14:08:16+00:00,hanumante_thimi,2.14,3.50,4.80,0.010,STEADY
2026-09-12T14:08:16+00:00,manohara_jadibuti,2.36,4.00,5.20,-0.080,FALLING
2026-09-12T14:08:16+00:00,dhobikhola_anamnagar,1.74,3.20,4.20,-0.080,FALLING
2026-09-12T14:08:16+00:00,bishnumati_gongabu,1.96,3.80,5.00,0.140,RISING
2026-09-12T14:08:16+00:00,karmanasa_imadol,1.61,3.00,4.00,0.000,STEADY
2026-09-12T14:08:16+00:00,bhotekoshi_barhabise,3.23,5.00,6.50,0.070,RISING
2026-09-12T14:08:16+00:00,seti_ramghat,4.23,6.50,8.50,-0.100,FALLING
2026-09-12T17:10:44+00:00,bagmati_balkhu,3.15,5.50,7.00,0.030,STEADY
2026-09-12T17:10:44+00:00,bagmati_gaurighat,3.92,6.80,8.00,0.130,RISING
2026-09-12T17:10:44+00:00,bagmati_sundarijal,2.44,4.50,5.80,-0.020,STEADY
2026-09-12T17:10:44+00:00,bagmati_chobhar,4.39,7.00,8.50,0.020,STEADY
2026-09-12T17:10:44+00:00,nakkhu_lele,1.90,4.00,5.20,-0.050,STEADY
2026-09-12T17:10:44+00:00,roshi_panauti,2.09,4.20,5.50,0.150,RISING
2026-09-12T17:10:44+00:00,koshi_chatara,4.68,6.00,7.50,0.040,STEADY
2026-09-12T17:10:44+00:00,narayani_devghat,5.17,7.30,9.00,-0.030,STEADY
2026-09-12T17:10:44+00:00,melamchi_helambu,2.61,4.80,6.00,0.080,RISING
2026-09-12T17:10:44+00:00,west_rapti_kusum,2.86,5.40,6.80,-0.040,STEADY
2026-09-12T17:10:44+00:00,babai_chepang,3.56,6.10,7.40,-0.000,STEADY
2026-09-12T17:10:44+00:00,karnali_chisapani,6.27,10.00,12.00,0.060,RISING
2026-09-12T17:10:44+00:00,kamala_ranibas,2.26,4.50,5.80,0.120,RISING
2026-09-12T17:10:44+00:00,kankai_mainachuli,2.01,4.20,5.60,-0.040,STEADY
2026-09-12T17:10:44+00:00,hanumante_thimi,1.81,3.50,4.80,-0.070,FALLING
2026-09-12T17:10:44+00:00,manohara_jadibuti,2.07,4.00,5.20,-0.100,FALLING
2026-09-12T17:10:44+00:00,dhobikhola_anamnagar,1.51,3.20,4.20,0.140,RISING
2026-09-12T17:10:44+00:00,bishnumati_gongabu,1.59,3.80,5.00,-0.000,STEADY
2026-09-12T17:10:44+00:00,karmanasa_imadol,1.22,3.00,4.00,0.030,STEADY
2026-09-12T17:10:44+00:00,bhotekoshi_barhabise,3.00,5.00,6.50,-0.050,STEADY
2026-09-12T17:10:44+00:00,seti_ramghat,3.98,6.50,8.50,-0.030,STEADY
2026-09-12T19:22:22+00:00,bagmati_balkhu,3.17,5.50,7.00,0.020,STEADY
2026-09-12T19:22:22+00:00,bagmati_gaurighat,4.11,6.80,8.00,0.030,STEADY
2026-09-12T19:22:22+00:00,bagmati_sundarijal,2.71,4.50,5.80,0.020,STEADY
2026-09-12T19:22:22+00:00,bagmati_chobhar,4.50,7.00,8.50,-0.070,FALLING
2026-09-12T19:22:22+00:00,nakkhu_lele,2.06,4.00,5.20,-0.050,STEADY
2026-09-12T19:22:22+00:00,roshi_panauti,2.26,4.20,5.50,0.100,RISING
2026-09-12T19:22:22+00:00,koshi_chatara,4.76,6.00,7.50,0.070,RISING
2026-09-12T19:22:22+00:00,narayani_devghat,5.33,7.30,9.00,-0.070,FALLING
2026-09-12T19:22:22+00:00,melamchi_helambu,2.78,4.80,6.00,0.050,STEADY
2026-09-12T19:22:22+00:00,west_rapti_kusum,3.08,5.40,6.80,0.100,RISING
2026-09-12T19:22:22+00:00,babai_chepang,3.87,6.10,7.40,0.100,RISING
2026-09-12T19:22:22+00:00,karnali_chisapani,6.46,10.00,12.00,0.080,RISING
2026-09-12T19:22:22+00:00,kamala_ranibas,2.56,4.50,5.80,-0.060,FALLING
2026-09-12T19:22:22+00:00,kankai_mainachuli,2.15,4.20,5.60,0.120,RISING
2026-09-12T19:22:22+00:00,hanumante_thimi,1.83,3.50,4.80,-0.030,STEADY
2026-09-12T19:22:22+00:00,manohara_jadibuti,2.22,4.00,5.20,0.130,RISING
2026-09-12T19:22:22+00:00,dhobikhola_anamnagar,1.58,3.20,4.20,-0.030,STEADY
2026-09-12T19:22:22+00:00,bishnumati_gongabu,1.90,3.80,5.00,0.090,RISING
2026-09-12T19:22:22+00:00,karmanasa_imadol,1.48,3.00,4.00,0.130,RISING
2026-09-12T19:22:22+00:00,bhotekoshi_barhabise,3.16,5.00,6.50,0.040,STEADY
2026-09-12T19:22:22+00:00,seti_ramghat,4.14,6.50,8.50,0.010,STEADY
2026-09-12T21:33:19+00:00,bagmati_balkhu,3.36,5.50,7.00,-0.040,STEADY
2026-09-12T21:33:19+00:00,bagmati_gaurighat,4.19,6.80,8.00,-0.100,FALLING
2026-09-12T21:33:19+00:00,bagmati_sundarijal,2.80,4.50,5.80,0.070,RISING
2026-09-12T21:33:19+00:00,bagmati_chobhar,4.54,7.00,8.50,-0.030,STEADY
2026-09-12T21:33:19+00:00,nakkhu_lele,2.19,4.00,5.20,0.150,RISING
2026-09-12T21:33:19+00:00,roshi_panauti,2.48,4.20,5.50,0.070,RISING
2026-09-12T21:33:19+00:00,koshi_chatara,4.91,6.00,7.50,0.110,RISING
2026-09-12T21:33:19+00:00,narayani_devghat,5.44,7.30,9.00,0.040,STEADY
2026-09-12T21:33:19+00:00,melamchi_helambu,2.83,4.80,6.00,0.020,STEADY
2026-09-12T21:33:19+00:00,west_rapti_kusum,3.20,5.40,6.80,-0.040,STEADY
2026-09-12T21:33:19+00:00,babai_chepang,3.87,6.10,7.40,0.040,STEADY
2026-09-12T21:33:19+00:00,karnali_chisapani,6.62,10.00,12.00,0.020,STEADY
2026-09-12T21:33:19+00:00,kamala_ranibas,2.65,4.50,5.80,0.030,STEADY
2026-09-12T21:33:19+00:00,kankai_mainachuli,2.30,4.20,5.60,0.030,STEADY
2026-09-12T21:33:19+00:00,hanumante_thimi,1.95,3.50,4.80,0.130,RISING
2026-09-12T21:33:19+00:00,manohara_jadibuti,2.36,4.00,5.20,0.020,STEADY
2026-09-12T21:33:19+00:00,dhobikhola_anamnagar,1.75,3.20,4.20,-0.090,FALLING
2026-09-12T21:33:19+00:00,bishnumati_gongabu,1.96,3.80,5.00,0.060,RISING
2026-09-12T21:33:19+00:00,karmanasa_imadol,1.50,3.00,4.00,0.080,RISING
2026-09-12T21:33:19+00:00,bhotekoshi_barhabise,3.14,5.00,6.50,0.110,RISING
2026-09-12T21:33:19+00:00,seti_ramghat,4.15,6.50,8.50,-0.020,STEADY
2026-09-12T23:24:22+00:00,bagmati_balkhu,3.02,5.50,7.00,-0.070,FALLING
2026-09-12T23:24:22+00:00,bagmati_gaurighat,3.97,6.80,8.00,0.100,RISING
2026-09-12T23:24:22+00:00,bagmati_sundarijal,2.50,4.50,5.80,0.080,RISING
2026-09-12T23:24:22+00:00,bagmati_chobhar,4.29,7.00,8.50,0.110,RISING
2026-09-12T23:24:22+00:00,nakkhu_lele,1.88,4.00,5.20,0.130,RISING
2026-09-12T23:24:22+00:00,roshi_panauti,2.17,4.20,5.50,0.040,STEADY
2026-09-12T23:24:22+00:00,koshi_chatara,4.61,6.00,7.50,-0.010,STEADY
2026-09-12T23:24:22+00:00,narayani_devghat,5.25,7.30,9.00,-0.080,FALLING
2026-09-12T23:24:22+00:00,melamchi_helambu,2.55,4.80,6.00,-0.010,STEADY
2026-09-12T23:24:22+00:00,west_rapti_kusum,2.99,5.40,6.80,0.010,STEADY
2026-09-12T23:24:22+00:00,babai_chepang,3.61,6.10,7.40,0.080,RISING
2026-09-12T23:24:22+00:00,karnali_chisapani,6.47,10.00,12.00,0.150,RISING
2026-09-12T23:24:22+00:00,kamala_ranibas,2.30,4.50,5.80,0.080,RISING
2026-09-12T23:24:22+00:00,kankai_mainachuli,2.13,4.20,5.60,0.140,RISING
2026-09-12T23:24:22+00:00,hanumante_thimi,1.76,3.50,4.80,-0.000,STEADY
2026-09-12T23:24:22+00:00,manohara_jadibuti,2.09,4.00,5.20,0.030,STEADY
2026-09-12T23:24:22+00:00,dhobikhola_anamnagar,1.52,3.20,4.20,0.040,STEADY
2026-09-12T23:24:22+00:00,bishnumati_gongabu,1.71,3.80,5.00,0.090,RISING
2026-09-12T23:24:22+00:00,karmanasa_imadol,1.34,3.00,4.00,-0.030,STEADY
2026-09-12T23:24:22+00:00,bhotekoshi_barhabise,2.87,5.00,6.50,0.030,STEADY
2026-09-12T23:24:22+00:00,seti_ramghat,3.89,6.50,8.50,0.090,RISING
2026-09-13T06:35:24+00:00,bagmati_balkhu,3.16,5.50,7.00,0.120,RISING
2026-09-13T06:35:24+00:00,bagmati_gaurighat,4.04,6.80,8.00,0.110,RISING
2026-09-13T06:35:24+00:00,bagmati_sundarijal,2.57,4.50,5.80,-0.020,STEADY
2026-09-13T06:35:24+00:00,bagmati_chobhar,4.38,7.00,8.50,0.130,RISING
2026-09-13T06:35:24+00:00,nakkhu_lele,2.15,4.00,5.20,0.020,STEADY
2026-09-13T06:35:24+00:00,roshi_panauti,2.23,4.20,5.50,-0.040,STEADY
2026-09-13T06:35:24+00:00,koshi_chatara,4.73,6.00,7.50,0.100,RISING
2026-09-13T06:35:24+00:00,narayani_devghat,5.33,7.30,9.00,0.090,RISING
2026-09-13T06:35:24+00:00,melamchi_helambu,2.74,4.80,6.00,-0.060,FALLING
2026-09-13T06:35:24+00:00,west_rapti_kusum,3.04,5.40,6.80,0.050,STEADY
2026-09-13T06:35:24+00:00,babai_chepang,3.73,6.10,7.40,-0.080,FALLING
2026-09-13T06:35:24+00:00,karnali_chisapani,6.50,10.00,12.00,-0.040,STEADY
2026-09-13T06:35:24+00:00,kamala_ranibas,2.46,4.50,5.80,0.020,STEADY
2026-09-13T06:35:24+00:00,kankai_mainachuli,2.11,4.20,5.60,0.070,RISING
2026-09-13T06:35:24+00:00,hanumante_thimi,1.76,3.50,4.80,-0.090,FALLING
2026-09-13T06:35:24+00:00,manohara_jadibuti,2.19,4.00,5.20,0.050,STEADY
2026-09-13T06:35:24+00:00,dhobikhola_anamnagar,1.53,3.20,4.20,0.110,RISING
2026-09-13T06:35:24+00:00,bishnumati_gongabu,1.77,3.80,5.00,-0.040,STEADY
2026-09-13T06:35:24+00:00,karmanasa_imadol,1.34,3.00,4.00,0.130,RISING
2026-09-13T06:35:24+00:00,bhotekoshi_barhabise,3.12,5.00,6.50,-0.040,STEADY
2026-09-13T06:35:24+00:00,seti_ramghat,4.13,6.50,8.50,0.070,RISING
2026-09-13T16:33:55+00:00,bagmati_balkhu,3.09,5.50,7.00,0.030,STEADY
2026-09-13T16:33:55+00:00,bagmati_gaurighat,3.98,6.80,8.00,0.100,RISING
2026-09-13T16:33:55+00:00,bagmati_sundarijal,2.53,4.50,5.80,-0.070,FALLING
2026-09-13T16:33:55+00:00,bagmati_chobhar,4.43,7.00,8.50,0.100,RISING
2026-09-13T16:33:55+00:00,nakkhu_lele,2.10,4.00,5.20,-0.040,STEADY
2026-09-13T16:33:55+00:00,roshi_panauti,2.16,4.20,5.50,0.100,RISING
2026-09-13T16:33:55+00:00,koshi_chatara,4.69,6.00,7.50,-0.010,STEADY
2026-09-13T16:33:55+00:00,narayani_devghat,5.42,7.30,9.00,-0.090,FALLING
2026-09-13T16:33:55+00:00,melamchi_helambu,2.57,4.80,6.00,0.040,STEADY
2026-09-13T16:33:55+00:00,west_rapti_kusum,3.02,5.40,6.80,0.080,RISING
2026-09-13T16:33:55+00:00,babai_chepang,3.77,6.10,7.40,-0.040,STEADY
2026-09-13T16:33:55+00:00,karnali_chisapani,6.39,10.00,12.00,-0.080,FALLING
2026-09-13T16:33:55+00:00,kamala_ranibas,2.43,4.50,5.80,0.100,RISING
2026-09-13T16:33:55+00:00,kankai_mainachuli,2.16,4.20,5.60,0.100,RISING
2026-09-13T16:33:55+00:00,hanumante_thimi,1.76,3.50,4.80,-0.050,STEADY
2026-09-13T16:33:55+00:00,manohara_jadibuti,2.13,4.00,5.20,-0.010,STEADY
2026-09-13T16:33:55+00:00,dhobikhola_anamnagar,1.57,3.20,4.20,0.090,RISING
2026-09-13T16:33:55+00:00,bishnumati_gongabu,1.66,3.80,5.00,-0.070,FALLING
2026-09-13T16:33:55+00:00,karmanasa_imadol,1.32,3.00,4.00,-0.070,FALLING
2026-09-13T16:33:55+00:00,bhotekoshi_barhabise,3.03,5.00,6.50,-0.030,STEADY
2026-09-13T16:33:55+00:00,seti_ramghat,4.02,6.50,8.50,0.070,RISING
2026-09-13T18:58:13+00:00,bagmati_balkhu,3.08,5.50,7.00,0.070,RISING
2026-09-13T18:58:13+00:00,bagmati_gaurighat,3.90,6.80,8.00,0.040,STEADY
2026-09-13T18:58:13+00:00,bagmati_sundarijal,2.50,4.50,5.80,-0.000,STEADY
2026-09-13T18:58:13+00:00,bagmati_chobhar,4.36,7.00,8.50,0.140,RISING
2026-09-13T18:58:13+00:00,nakkhu_lele,1.96,4.00,5.20,-0.060,FALLING
2026-09-13T18:58:13+00:00,roshi_panauti,2.12,4.20,5.50,0.030,STEADY
2026-09-13T18:58:13+00:00,koshi_chatara,4.70,6.00,7.50,-0.080,FALLING
2026-09-13T18:58:13+00:00,narayani_devghat,5.38,7.30,9.00,-0.080,FALLING
2026-09-13T18:58:13+00:00,melamchi_helambu,2.58,4.80,6.00,-0.030,STEADY
2026-09-13T18:58:13+00:00,west_rapti_kusum,2.92,5.40,6.80,-0.050,STEADY
2026-09-13T18:58:13+00:00,babai_chepang,3.74,6.10,7.40,0.090,RISING
2026-09-13T18:58:13+00:00,karnali_chisapani,6.34,10.00,12.00,0.120,RISING
2026-09-13T18:58:13+00:00,kamala_ranibas,2.37,4.50,5.80,0.070,RISING
2026-09-13T18:58:13+00:00,kankai_mainachuli,2.09,4.20,5.60,0.090,RISING
2026-09-13T18:58:13+00:00,hanumante_thimi,1.76,3.50,4.80,0.090,RISING
2026-09-13T18:58:13+00:00,manohara_jadibuti,2.12,4.00,5.20,-0.020,STEADY
2026-09-13T18:58:13+00:00,dhobikhola_anamnagar,1.46,3.20,4.20,-0.040,STEADY
2026-09-13T18:58:13+00:00,bishnumati_gongabu,1.61,3.80,5.00,-0.020,STEADY
2026-09-13T18:58:13+00:00,karmanasa_imadol,1.21,3.00,4.00,-0.040,STEADY
2026-09-13T18:58:13+00:00,bhotekoshi_barhabise,2.99,5.00,6.50,-0.010,STEADY
2026-09-13T18:58:13+00:00,seti_ramghat,4.05,6.50,8.50,-0.080,FALLING
2026-09-13T21:22:46+00:00,bagmati_balkhu,3.33,5.50,7.00,0.010,STEADY
2026-09-13T21:22:46+00:00,bagmati_gaurighat,4.25,6.80,8.00,-0.070,FALLING
2026-09-13T21:22:46+00:00,bagmati_sundarijal,2.64,4.50,5.80,0.030,STEADY
2026-09-13T21:22:46+00:00,bagmati_chobhar,4.59,7.00,8.50,0.020,STEADY
2026-09-13T21:22:46+00:00,nakkhu_lele,2.32,4.00,5.20,-0.030,STEADY
2026-09-13T21:22:46+00:00,roshi_panauti,2.39,4.20,5.50,0.070,RISING
2026-09-13T21:22:46+00:00,koshi_chatara,4.91,6.00,7.50,0.110,RISING
2026-09-13T21:22:46+00:00,narayani_devghat,5.45,7.30,9.00,0.140,RISING
2026-09-13T21:22:46+00:00,melamchi_helambu,2.78,4.80,6.00,0.130,RISING
2026-09-13T21:22:46+00:00,west_rapti_kusum,3.27,5.40,6.80,-0.050,STEADY
2026-09-13T21:22:46+00:00,babai_chepang,3.88,6.10,7.40,-0.000,STEADY
2026-09-13T21:22:46+00:00,karnali_chisapani,6.67,10.00,12.00,0.060,RISING
2026-09-13T21:22:46+00:00,kamala_ranibas,2.60,4.50,5.80,-0.050,STEADY
2026-09-13T21:22:46+00:00,kankai_mainachuli,2.35,4.20,5.60,0.120,RISING
2026-09-13T21:22:46+00:00,hanumante_thimi,2.10,3.50,4.80,0.130,RISING
2026-09-13T21:22:46+00:00,manohara_jadibuti,2.43,4.00,5.20,0.130,RISING
2026-09-13T21:22:46+00:00,dhobikhola_anamnagar,1.73,3.20,4.20,0.050,STEADY
2026-09-13T21:22:46+00:00,bishnumati_gongabu,1.89,3.80,5.00,0.050,STEADY
2026-09-13T21:22:46+00:00,karmanasa_imadol,1.50,3.00,4.00,-0.030,STEADY
2026-09-13T21:22:46+00:00,bhotekoshi_barhabise,3.27,5.00,6.50,-0.060,FALLING
2026-09-13T21:22:46+00:00,seti_ramghat,4.15,6.50,8.50,0.040,STEADY
2026-09-13T23:20:34+00:00,bagmati_balkhu,3.01,5.50,7.00,-0.050,STEADY
2026-09-13T23:20:34+00:00,bagmati_gaurighat,4.05,6.80,8.00,0.010,STEADY
2026-09-13T23:20:34+00:00,bagmati_sundarijal,2.56,4.50,5.80,0.100,RISING
2026-09-13T23:20:34+00:00,bagmati_chobhar,4.45,7.00,8.50,0.020,STEADY
2026-09-13T23:20:34+00:00,nakkhu_lele,2.03,4.00,5.20,0.100,RISING
2026-09-13T23:20:34+00:00,roshi_panauti,2.21,4.20,5.50,0.090,RISING
2026-09-13T23:20:34+00:00,koshi_chatara,4.66,6.00,7.50,-0.000,STEADY
2026-09-13T23:20:34+00:00,narayani_devghat,5.23,7.30,9.00,0.040,STEADY
2026-09-13T23:20:34+00:00,melamchi_helambu,2.61,4.80,6.00,0.020,STEADY
2026-09-13T23:20:34+00:00,west_rapti_kusum,3.00,5.40,6.80,0.030,STEADY
2026-09-13T23:20:34+00:00,babai_chepang,3.77,6.10,7.40,-0.050,STEADY
2026-09-13T23:20:34+00:00,karnali_chisapani,6.33,10.00,12.00,0.040,STEADY
2026-09-13T23:20:34+00:00,kamala_ranibas,2.29,4.50,5.80,-0.000,STEADY
2026-09-13T23:20:34+00:00,kankai_mainachuli,2.03,4.20,5.60,0.050,STEADY
2026-09-13T23:20:34+00:00,hanumante_thimi,1.74,3.50,4.80,0.120,RISING
2026-09-13T23:20:34+00:00,manohara_jadibuti,1.98,4.00,5.20,-0.070,FALLING
2026-09-13T23:20:34+00:00,dhobikhola_anamnagar,1.49,3.20,4.20,-0.010,STEADY
2026-09-13T23:20:34+00:00,bishnumati_gongabu,1.58,3.80,5.00,-0.060,FALLING
2026-09-13T23:20:34+00:00,karmanasa_imadol,1.20,3.00,4.00,-0.050,STEADY
2026-09-13T23:20:34+00:00,bhotekoshi_barhabise,3.05,5.00,6.50,-0.080,FALLING
2026-09-13T23:20:34+00:00,seti_ramghat,3.90,6.50,8.50,0.060,RISING
2026-09-14T06:46:56+00:00,bagmati_balkhu,3.09,5.50,7.00,-0.090,FALLING
2026-09-14T06:46:56+00:00,bagmati_gaurighat,4.07,6.80,8.00,0.090,RISING
2026-09-14T06:46:56+00:00,bagmati_sundarijal,2.60,4.50,5.80,0.050,STEADY
2026-09-14T06:46:56+00:00,bagmati_chobhar,4.45,7.00,8.50,0.110,RISING
2026-09-14T06:46:56+00:00,nakkhu_lele,2.07,4.00,5.20,0.060,RISING
2026-09-14T06:46:56+00:00,roshi_panauti,2.27,4.20,5.50,0.130,RISING
2026-09-14T06:46:56+00:00,koshi_chatara,4.70,6.00,7.50,-0.100,FALLING
2026-09-14T06:46:56+00:00,narayani_devghat,5.32,7.30,9.00,0.040,STEADY
2026-09-14T06:46:56+00:00,melamchi_helambu,2.57,4.80,6.00,0.080,RISING
2026-09-14T06:46:56+00:00,west_rapti_kusum,3.10,5.40,6.80,-0.040,STEADY
2026-09-14T06:46:56+00:00,babai_chepang,3.70,6.10,7.40,0.060,RISING
2026-09-14T06:46:56+00:00,karnali_chisapani,6.42,10.00,12.00,0.050,STEADY
2026-09-14T06:46:56+00:00,kamala_ranibas,2.49,4.50,5.80,0.090,RISING
2026-09-14T06:46:56+00:00,kankai_mainachuli,2.25,4.20,5.60,-0.040,STEADY
2026-09-14T06:46:56+00:00,hanumante_thimi,1.94,3.50,4.80,0.100,RISING
2026-09-14T06:46:56+00:00,manohara_jadibuti,2.12,4.00,5.20,0.080,RISING
2026-09-14T06:46:56+00:00,dhobikhola_anamnagar,1.54,3.20,4.20,0.120,RISING
2026-09-14T06:46:56+00:00,bishnumati_gongabu,1.66,3.80,5.00,0.140,RISING
2026-09-14T06:46:56+00:00,karmanasa_imadol,1.34,3.00,4.00,-0.010,STEADY
2026-09-14T06:46:56+00:00,bhotekoshi_barhabise,3.00,5.00,6.50,0.010,STEADY
2026-09-14T06:46:56+00:00,seti_ramghat,4.05,6.50,8.50,0.040,STEADY
2026-09-14T13:41:52+00:00,bagmati_balkhu,3.20,5.50,7.00,-0.040,STEADY
2026-09-14T13:41:52+00:00,bagmati_gaurighat,4.20,6.80,8.00,0.020,STEADY
2026-09-14T13:41:52+00:00,bagmati_sundarijal,2.60,4.50,5.80,0.120,RISING
2026-09-14T13:41:52+00:00,bagmati_chobhar,4.48,7.00,8.50,0.120,RISING
2026-09-14T13:41:52+00:00,nakkhu_lele,2.17,4.00,5.20,-0.070,FALLING
2026-09-14T13:41:52+00:00,roshi_panauti,2.26,4.20,5.50,0.020,STEADY
2026-09-14T13:41:52+00:00,koshi_chatara,4.91,6.00,7.50,0.040,STEADY
2026-09-14T13:41:52+00:00,narayani_devghat,5.44,7.30,9.00,0.120,RISING
2026-09-14T13:41:52+00:00,melamchi_helambu,2.71,4.80,6.00,-0.030,STEADY
2026-09-14T13:41:52+00:00,west_rapti_kusum,3.23,5.40,6.80,-0.070,FALLING
2026-09-14T13:41:52+00:00,babai_chepang,3.96,6.10,7.40,-0.030,STEADY
2026-09-14T13:41:52+00:00,karnali_chisapani,6.47,10.00,12.00,0.120,RISING
2026-09-14T13:41:52+00:00,kamala_ranibas,2.65,4.50,5.80,0.140,RISING
2026-09-14T13:41:52+00:00,kankai_mainachuli,2.20,4.20,5.60,0.050,STEADY
2026-09-14T13:41:52+00:00,hanumante_thimi,1.97,3.50,4.80,0.110,RISING
2026-09-14T13:41:52+00:00,manohara_jadibuti,2.27,4.00,5.20,0.100,RISING
2026-09-14T13:41:52+00:00,dhobikhola_anamnagar,1.73,3.20,4.20,0.030,STEADY
2026-09-14T13:41:52+00:00,bishnumati_gongabu,1.92,3.80,5.00,-0.060,FALLING
2026-09-14T13:41:52+00:00,karmanasa_imadol,1.56,3.00,4.00,0.060,RISING
2026-09-14T13:41:52+00:00,bhotekoshi_barhabise,3.12,5.00,6.50,0.020,STEADY
2026-09-14T13:41:52+00:00,seti_ramghat,4.26,6.50,8.50,-0.060,FALLING
2026-09-14T18:53:19+00:00,bagmati_balkhu,3.05,5.50,7.00,-0.070,FALLING
2026-09-14T18:53:19+00:00,bagmati_gaurighat,3.99,6.80,8.00,-0.030,STEADY
2026-09-14T18:53:19+00:00,bagmati_sundarijal,2.48,4.50,5.80,-0.050,STEADY
2026-09-14T18:53:19+00:00,bagmati_chobhar,4.40,7.00,8.50,-0.080,FALLING
2026-09-14T18:53:19+00:00,nakkhu_lele,2.01,4.00,5.20,0.150,RISING
2026-09-14T18:53:19+00:00,roshi_panauti,2.13,4.20,5.50,0.070,RISING
2026-09-14T18:53:19+00:00,koshi_chatara,4.73,6.00,7.50,0.150,RISING
2026-09-14T18:53:19+00:00,narayani_devghat,5.21,7.30,9.00,0.140,RISING
2026-09-14T18:53:19+00:00,melamchi_helambu,2.61,4.80,6.00,-0.080,FALLING
2026-09-14T18:53:19+00:00,west_rapti_kusum,3.00,5.40,6.80,-0.030,STEADY
2026-09-14T18:53:19+00:00,babai_chepang,3.64,6.10,7.40,-0.080,FALLING
2026-09-14T18:53:19+00:00,karnali_chisapani,6.47,10.00,12.00,-0.060,FALLING
2026-09-14T18:53:19+00:00,kamala_ranibas,2.48,4.50,5.80,0.040,STEADY
2026-09-14T18:53:19+00:00,kankai_mainachuli,2.01,4.20,5.60,-0.050,STEADY
2026-09-14T18:53:19+00:00,hanumante_thimi,1.81,3.50,4.80,-0.060,FALLING
2026-09-14T18:53:19+00:00,manohara_jadibuti,2.03,4.00,5.20,-0.050,STEADY
2026-09-14T18:53:19+00:00,dhobikhola_anamnagar,1.57,3.20,4.20,-0.070,FALLING
2026-09-14T18:53:19+00:00,bishnumati_gongabu,1.64,3.80,5.00,0.040,STEADY
2026-09-14T18:53:19+00:00,karmanasa_imadol,1.27,3.00,4.00,-0.010,STEADY
2026-09-14T18:53:19+00:00,bhotekoshi_barhabise,3.05,5.00,6.50,0.090,RISING
2026-09-14T18:53:19+00:00,seti_ramghat,3.97,6.50,8.50,0.140,RISING
2026-09-14T22:16:56+00:00,bagmati_balkhu,3.26,5.50,7.00,0.020,STEADY
2026-09-14T22:16:56+00:00,bagmati_gaurighat,4.20,6.80,8.00,-0.070,FALLING
2026-09-14T22:16:56+00:00,bagmati_sundarijal,2.66,4.50,5.80,0.150,RISING
2026-09-14T22:16:56+00:00,bagmati_chobhar,4.56,7.00,8.50,0.050,STEADY
2026-09-14T22:16:56+00:00,nakkhu_lele,2.00,4.00,5.20,0.120,RISING
2026-09-14T22:16:56+00:00,roshi_panauti,2.24,4.20,5.50,0.080,RISING
2026-09-14T22:16:56+00:00,koshi_chatara,4.87,6.00,7.50,0.090,RISING
2026-09-14T22:16:56+00:00,narayani_devghat,5.41,7.30,9.00,0.070,RISING
2026-09-14T22:16:56+00:00,melamchi_helambu,2.78,4.80,6.00,0.050,STEADY
2026-09-14T22:16:56+00:00,west_rapti_kusum,3.10,5.40,6.80,-0.090,FALLING
2026-09-14T22:16:56+00:00,babai_chepang,3.86,6.10,7.40,-0.020,STEADY
2026-09-14T22:16:56+00:00,karnali_chisapani,6.50,10.00,12.00,-0.030,STEADY
2026-09-14T22:16:56+00:00,kamala_ranibas,2.49,4.50,5.80,-0.020,STEADY
2026-09-14T22:16:56+00:00,kankai_mainachuli,2.11,4.20,5.60,0.030,STEADY
2026-09-14T22:16:56+00:00,hanumante_thimi,1.81,3.50,4.80,-0.080,FALLING
2026-09-14T22:16:56+00:00,manohara_jadibuti,2.19,4.00,5.20,-0.000,STEADY
2026-09-14T22:16:56+00:00,dhobikhola_anamnagar,1.68,3.20,4.20,0.020,STEADY
2026-09-14T22:16:56+00:00,bishnumati_gongabu,1.82,3.80,5.00,0.100,RISING
2026-09-14T22:16:56+00:00,karmanasa_imadol,1.46,3.00,4.00,0.050,STEADY
2026-09-14T22:16:56+00:00,bhotekoshi_barhabise,3.18,5.00,6.50,-0.040,STEADY
2026-09-14T22:16:56+00:00,seti_ramghat,4.02,6.50,8.50,0.060,RISING
2026-09-15T00:48:21+00:00,bagmati_balkhu,3.17,5.50,7.00,-0.040,STEADY
2026-09-15T00:48:21+00:00,bagmati_gaurighat,4.02,6.80,8.00,-0.050,STEADY
2026-09-15T00:48:21+00:00,bagmati_sundarijal,2.56,4.50,5.80,-0.000,STEADY
2026-09-15T00:48:21+00:00,bagmati_chobhar,4.44,7.00,8.50,-0.000,STEADY
2026-09-15T00:48:21+00:00,nakkhu_lele,2.17,4.00,5.20,-0.080,FALLING
2026-09-15T00:48:21+00:00,roshi_panauti,2.29,4.20,5.50,-0.040,STEADY
2026-09-15T00:48:21+00:00,koshi_chatara,4.76,6.00,7.50,-0.100,FALLING
2026-09-15T00:48:21+00:00,narayani_devghat,5.38,7.30,9.00,-0.100,FALLING
2026-09-15T00:48:21+00:00,melamchi_helambu,2.78,4.80,6.00,0.070,RISING
2026-09-15T00:48:21+00:00,west_rapti_kusum,3.19,5.40,6.80,0.060,RISING
2026-09-15T00:48:21+00:00,babai_chepang,3.78,6.10,7.40,-0.020,STEADY
2026-09-15T00:48:21+00:00,karnali_chisapani,6.42,10.00,12.00,-0.010,STEADY
2026-09-15T00:48:21+00:00,kamala_ranibas,2.45,4.50,5.80,0.130,RISING
2026-09-15T00:48:21+00:00,kankai_mainachuli,2.26,4.20,5.60,0.130,RISING
2026-09-15T00:48:21+00:00,hanumante_thimi,1.81,3.50,4.80,0.140,RISING
2026-09-15T00:48:21+00:00,manohara_jadibuti,2.25,4.00,5.20,-0.070,FALLING
2026-09-15T00:48:21+00:00,dhobikhola_anamnagar,1.65,3.20,4.20,-0.080,FALLING
2026-09-15T00:48:21+00:00,bishnumati_gongabu,1.84,3.80,5.00,0.060,RISING
2026-09-15T00:48:21+00:00,karmanasa_imadol,1.30,3.00,4.00,0.140,RISING
2026-09-15T00:48:21+00:00,bhotekoshi_barhabise,3.14,5.00,6.50,0.020,STEADY
2026-09-15T00:48:21+00:00,seti_ramghat,4.00,6.50,8.50,0.140,RISING
2026-09-15T05:54:41+00:00,bagmati_balkhu,2.98,5.50,7.00,-0.020,STEADY
2026-09-15T05:54:41+00:00,bagmati_gaurighat,4.05,6.80,8.00,0.150,RISING
2026-09-15T05:54:41+00:00,bagmati_sundarijal,2.44,4.50,5.80,-0.070,FALLING
2026-09-15T05:54:41+00:00,bagmati_chobhar,4.36,7.00,8.50,0.050,STEADY
2026-09-15T05:54:41+00:00,nakkhu_lele,2.00,4.00,5.20,0.050,STEADY
2026-09-15T05:54:41+00:00,roshi_panauti,2.22,4.20,5.50,-0.070,FALLING
2026-09-15T05:54:41+00:00,koshi_chatara,4.57,6.00,7.50,-0.060,FALLING
2026-09-15T05:54:41+00:00,narayani_devghat,5.21,7.30,9.00,0.020,STEADY
2026-09-15T05:54:41+00:00,melamchi_helambu,2.48,4.80,6.00,0.090,RISING
2026-09-15T05:54:41+00:00,west_rapti_kusum,2.95,5.40,6.80,-0.090,FALLING
2026-09-15T05:54:41+00:00,babai_chepang,3.75,6.10,7.40,0.110,RISING
2026-09-15T05:54:41+00:00,karnali_chisapani,6.42,10.00,12.00,0.120,RISING
2026-09-15T05:54:41+00:00,kamala_ranibas,2.40,4.50,5.80,0.110,RISING
2026-09-15T05:54:41+00:00,kankai_mainachuli,2.11,4.20,5.60,0.060,RISING
2026-09-15T05:54:41+00:00,hanumante_thimi,1.84,3.50,4.80,-0.030,STEADY
2026-09-15T05:54:41+00:00,manohara_jadibuti,1.99,4.00,5.20,0.080,RISING
2026-09-15T05:54:41+00:00,dhobikhola_anamnagar,1.39,3.20,4.20,0.030,STEADY
2026-09-15T05:54:41+00:00,bishnumati_gongabu,1.66,3.80,5.00,0.000,STEADY
2026-09-15T05:54:41+00:00,karmanasa_imadol,1.30,3.00,4.00,0.060,RISING
2026-09-15T05:54:41+00:00,bhotekoshi_barhabise,2.94,5.00,6.50,0.030,STEADY
2026-09-15T05:54:41+00:00,seti_ramghat,3.89,6.50,8.50,0.140,RISING
2026-09-15T11:14:10+00:00,bagmati_balkhu,3.08,5.50,7.00,0.140,RISING
2026-09-15T11:14:10+00:00,bagmati_gaurighat,3.96,6.80,8.00,0.000,STEADY
2026-09-15T11:14:10+00:00,bagmati_sundarijal,2.52,4.50,5.80,0.060,RISING
2026-09-15T11:14:10+00:00,bagmati_chobhar,4.40,7.00,8.50,-0.060,FALLING
2026-09-15T11:14:10+00:00,nakkhu_lele,1.86,4.00,5.20,-0.080,FALLING
2026-09-15T11:14:10+00:00,roshi_panauti,2.19,4.20,5.50,0.030,STEADY
2026-09-15T11:14:10+00:00,koshi_chatara,4.66,6.00,7.50,0.120,RISING
2026-09-15T11:14:10+00:00,narayani_devghat,5.26,7.30,9.00,0.080,RISING
2026-09-15T11:14:10+00:00,melamchi_helambu,2.58,4.80,6.00,0.090,RISING
2026-09-15T11:14:10+00:00,west_rapti_kusum,3.02,5.40,6.80,0.120,RISING
2026-09-15T11:14:10+00:00,babai_chepang,3.65,6.10,7.40,0.150,RISING
2026-09-15T11:14:10+00:00,karnali_chisapani,6.29,10.00,12.00,0.060,RISING
2026-09-15T11:14:10+00:00,kamala_ranibas,2.37,4.50,5.80,-0.050,STEADY
2026-09-15T11:14:10+00:00,kankai_mainachuli,2.13,4.20,5.60,-0.020,STEADY
2026-09-15T11:14:10+00:00,hanumante_thimi,1.79,3.50,4.80,-0.080,FALLING
2026-09-15T11:14:10+00:00,manohara_jadibuti,2.07,4.00,5.20,0.020,STEADY
2026-09-15T11:14:10+00:00,dhobikhola_anamnagar,1.44,3.20,4.20,0.130,RISING
2026-09-15T11:14:10+00:00,bishnumati_gongabu,1.74,3.80,5.00,0.050,STEADY
2026-09-15T11:14:10+00:00,karmanasa_imadol,1.21,3.00,4.00,0.090,RISING
2026-09-15T11:14:10+00:00,bhotekoshi_barhabise,2.92,5.00,6.50,0.040,STEADY
2026-09-15T11:14:10+00:00,seti_ramghat,3.90,6.50,8.50,-0.050,STEADY
2026-09-15T15:35:53+00:00,bagmati_balkhu,3.28,5.50,7.00,-0.010,STEADY
2026-09-15T15:35:53+00:00,bagmati_gaurighat,4.19,6.80,8.00,0.150,RISING
2026-09-15T15:35:53+00:00,bagmati_sundarijal,2.72,4.50,5.80,0.020,STEADY
2026-09-15T15:35:53+00:00,bagmati_chobhar,4.57,7.00,8.50,0.140,RISING
2026-09-15T15:35:53+00:00,nakkhu_lele,2.22,4.00,5.20,0.010,STEADY
2026-09-15T15:35:53+00:00,roshi_panauti,2.38,4.20,5.50,0.010,STEADY
2026-09-15T15:35:53+00:00,koshi_chatara,4.96,6.00,7.50,0.010,STEADY
2026-09-15T15:35:53+00:00,narayani_devghat,5.49,7.30,9.00,0.090,RISING
2026-09-15T15:35:53+00:00,melamchi_helambu,2.72,4.80,6.00,0.030,STEADY
2026-09-15T15:35:53+00:00,west_rapti_kusum,3.19,5.40,6.80,0.090,RISING
2026-09-15T15:35:53+00:00,babai_chepang,3.90,6.10,7.40,0.040,STEADY
2026-09-15T15:35:53+00:00,karnali_chisapani,6.70,10.00,12.00,0.050,STEADY
2026-09-15T15:35:53+00:00,kamala_ranibas,2.53,4.50,5.80,-0.070,FALLING
2026-09-15T15:35:53+00:00,kankai_mainachuli,2.34,4.20,5.60,0.050,STEADY
2026-09-15T15:35:53+00:00,hanumante_thimi,1.94,3.50,4.80,0.070,RISING
2026-09-15T15:35:53+00:00,manohara_jadibuti,2.30,4.00,5.20,-0.060,FALLING
2026-09-15T15:35:53+00:00,dhobikhola_anamnagar,1.70,3.20,4.20,-0.040,STEADY
2026-09-15T15:35:53+00:00,bishnumati_gongabu,1.86,3.80,5.00,0.130,RISING
2026-09-15T15:35:53+00:00,karmanasa_imadol,1.41,3.00,4.00,0.040,STEADY
2026-09-15T15:35:53+00:00,bhotekoshi_barhabise,3.20,5.00,6.50,0.140,RISING
2026-09-15T15:35:53+00:00,seti_ramghat,4.17,6.50,8.50,0.070,RISING
2026-09-15T19:13:47+00:00,bagmati_balkhu,3.23,5.50,7.00,-0.040,STEADY
2026-09-15T19:13:47+00:00,bagmati_gaurighat,4.19,6.80,8.00,0.100,RISING
2026-09-15T19:13:47+00:00,bagmati_sundarijal,2.56,4.50,5.80,0.090,RISING
2026-09-15T19:13:47+00:00,bagmati_chobhar,4.55,7.00,8.50,0.010,STEADY
2026-09-15T19:13:47+00:00,nakkhu_lele,2.20,4.00,5.20,-0.090,FALLING
2026-09-15T19:13:47+00:00,roshi_panauti,2.24,4.20,5.50,0.130,RISING
2026-09-15T19:13:47+00:00,koshi_chatara,4.75,6.00,7.50,0.130,RISING
2026-09-15T19:13:47+00:00,narayani_devghat,5.35,7.30,9.00,-0.020,STEADY
2026-09-15T19:13:47+00:00,melamchi_helambu,2.64,4.80,6.00,0.130,RISING
2026-09-15T19:13:47+00:00,west_rapti_kusum,3.15,5.40,6.80,0.050,STEADY
2026-09-15T19:13:47+00:00,babai_chepang,3.87,6.10,7.40,0.100,RISING
2026-09-15T19:13:47+00:00,karnali_chisapani,6.50,10.00,12.00,0.110,RISING
2026-09-15T19:13:47+00:00,kamala_ranibas,2.48,4.50,5.80,0.070,RISING
2026-09-15T19:13:47+00:00,kankai_mainachuli,2.31,4.20,5.60,-0.070,FALLING
2026-09-15T19:13:47+00:00,hanumante_thimi,1.82,3.50,4.80,0.140,RISING
2026-09-15T19:13:47+00:00,manohara_jadibuti,2.24,4.00,5.20,-0.080,FALLING
2026-09-15T19:13:47+00:00,dhobikhola_anamnagar,1.61,3.20,4.20,0.010,STEADY
2026-09-15T19:13:47+00:00,bishnumati_gongabu,1.86,3.80,5.00,-0.060,FALLING
2026-09-15T19:13:47+00:00,karmanasa_imadol,1.42,3.00,4.00,0.050,STEADY
2026-09-15T19:13:47+00:00,bhotekoshi_barhabise,3.16,5.00,6.50,0.120,RISING
2026-09-15T19:13:47+00:00,seti_ramghat,4.04,6.50,8.50,-0.090,FALLING
2026-09-15T22:17:30+00:00,bagmati_balkhu,3.28,5.50,7.00,0.130,RISING
2026-09-15T22:17:30+00:00,bagmati_gaurighat,4.11,6.80,8.00,0.110,RISING
2026-09-15T22:17:30+00:00,bagmati_sundarijal,2.68,4.50,5.80,0.070,RISING
2026-09-15T22:17:30+00:00,bagmati_chobhar,4.42,7.00,8.50,0.110,RISING
2026-09-15T22:17:30+00:00,nakkhu_lele,2.20,4.00,5.20,0.010,STEADY
2026-09-15T22:17:30+00:00,roshi_panauti,2.30,4.20,5.50,-0.010,STEADY
2026-09-15T22:17:30+00:00,koshi_chatara,4.84,6.00,7.50,0.130,RISING
2026-09-15T22:17:30+00:00,narayani_devghat,5.36,7.30,9.00,-0.050,STEADY
2026-09-15T22:17:30+00:00,melamchi_helambu,2.63,4.80,6.00,0.010,STEADY
2026-09-15T22:17:30+00:00,west_rapti_kusum,3.19,5.40,6.80,-0.010,STEADY
2026-09-15T22:17:30+00:00,babai_chepang,3.90,6.10,7.40,0.100,RISING
2026-09-15T22:17:30+00:00,karnali_chisapani,6.47,10.00,12.00,0.040,STEADY
2026-09-15T22:17:30+00:00,kamala_ranibas,2.55,4.50,5.80,0.110,RISING
2026-09-15T22:17:30+00:00,kankai_mainachuli,2.26,4.20,5.60,-0.010,STEADY
2026-09-15T22:17:30+00:00,hanumante_thimi,1.99,3.50,4.80,0.030,STEADY
2026-09-15T22:17:30+00:00,manohara_jadibuti,2.19,4.00,5.20,-0.030,STEADY
2026-09-15T22:17:30+00:00,dhobikhola_anamnagar,1.67,3.20,4.20,0.030,STEADY
2026-09-15T22:17:30+00:00,bishnumati_gongabu,1.73,3.80,5.00,0.110,RISING
2026-09-15T22:17:30+00:00,karmanasa_imadol,1.46,3.00,4.00,0.140,RISING
2026-09-15T22:17:30+00:00,bhotekoshi_barhabise,3.00,5.00,6.50,0.010,STEADY
2026-09-15T22:17:30+00:00,seti_ramghat,4.12,6.50,8.50,-0.060,FALLING
2026-09-16T00:40:23+00:00,bagmati_balkhu,3.20,5.50,7.00,-0.000,STEADY
2026-09-16T00:40:23+00:00,bagmati_gaurighat,4.16,6.80,8.00,0.070,RISING
2026-09-16T00:40:23+00:00,bagmati_sundarijal,2.57,4.50,5.80,0.090,RISING
2026-09-16T00:40:23+00:00,bagmati_chobhar,4.43,7.00,8.50,0.140,RISING
2026-09-16T00:40:23+00:00,nakkhu_lele,2.03,4.00,5.20,-0.020,STEADY
2026-09-16T00:40:23+00:00,roshi_panauti,2.37,4.20,5.50,-0.060,FALLING
2026-09-16T00:40:23+00:00,koshi_chatara,4.81,6.00,7.50,0.030,STEADY
2026-09-16T00:40:23+00:00,narayani_devghat,5.33,7.30,9.00,-0.020,STEADY
2026-09-16T00:40:23+00:00,melamchi_helambu,2.71,4.80,6.00,-0.030,STEADY
2026-09-16T00:40:23+00:00,west_rapti_kusum,3.13,5.40,6.80,0.020,STEADY
2026-09-16T00:40:23+00:00,babai_chepang,3.87,6.10,7.40,0.130,RISING
2026-09-16T00:40:23+00:00,karnali_chisapani,6.53,10.00,12.00,-0.100,FALLING
2026-09-16T00:40:23+00:00,kamala_ranibas,2.50,4.50,5.80,0.150,RISING
2026-09-16T00:40:23+00:00,kankai_mainachuli,2.16,4.20,5.60,0.030,STEADY
2026-09-16T00:40:23+00:00,hanumante_thimi,1.84,3.50,4.80,-0.080,FALLING
2026-09-16T00:40:23+00:00,manohara_jadibuti,2.11,4.00,5.20,0.110,RISING
2026-09-16T00:40:23+00:00,dhobikhola_anamnagar,1.57,3.20,4.20,-0.010,STEADY
2026-09-16T00:40:23+00:00,bishnumati_gongabu,1.81,3.80,5.00,0.000,STEADY
2026-09-16T00:40:23+00:00,karmanasa_imadol,1.38,3.00,4.00,0.080,RISING
2026-09-16T00:40:23+00:00,bhotekoshi_barhabise,3.10,5.00,6.50,0.080,RISING
2026-09-16T00:40:23+00:00,seti_ramghat,4.07,6.50,8.50,0.110,RISING
2026-09-16T05:18:31+00:00,bagmati_balkhu,3.01,5.50,7.00,0.040,STEADY
2026-09-16T05:18:31+00:00,bagmati_gaurighat,3.91,6.80,8.00,-0.080,FALLING
2026-09-16T05:18:31+00:00,bagmati_sundarijal,2.37,4.50,5.80,-0.010,STEADY
2026-09-16T05:18:31+00:00,bagmati_chobhar,4.36,7.00,8.50,-0.040,STEADY
2026-09-16T05:18:31+00:00,nakkhu_lele,1.99,4.00,5.20,0.060,RISING
2026-09-16T05:18:31+00:00,roshi_panauti,2.14,4.20,5.50,-0.040,STEADY
2026-09-16T05:18:31+00:00,koshi_chatara,4.63,6.00,7.50,0.120,RISING
2026-09-16T05:18:31+00:00,narayani_devghat,5.31,7.30,9.00,-0.000,STEADY
2026-09-16T05:18:31+00:00,melamchi_helambu,2.61,4.80,6.00,-0.020,STEADY
2026-09-16T05:18:31+00:00,west_rapti_kusum,3.04,5.40,6.80,0.050,STEADY
2026-09-16T05:18:31+00:00,babai_chepang,3.64,6.10,7.40,-0.050,STEADY
2026-09-16T05:18:31+00:00,karnali_chisapani,6.38,10.00,12.00,-0.090,FALLING
2026-09-16T05:18:31+00:00,kamala_ranibas,2.28,4.50,5.80,-0.040,STEADY
2026-09-16T05:18:31+00:00,kankai_mainachuli,2.05,4.20,5.60,-0.020,STEADY
2026-09-16T05:18:31+00:00,hanumante_thimi,1.85,3.50,4.80,0.100,RISING
2026-09-16T05:18:31+00:00,manohara_jadibuti,2.04,4.00,5.20,0.140,RISING
2026-09-16T05:18:31+00:00,dhobikhola_anamnagar,1.46,3.20,4.20,-0.040,STEADY
2026-09-16T05:18:31+00:00,bishnumati_gongabu,1.69,3.80,5.00,0.130,RISING
2026-09-16T05:18:31+00:00,karmanasa_imadol,1.27,3.00,4.00,-0.060,FALLING
2026-09-16T05:18:31+00:00,bhotekoshi_barhabise,3.02,5.00,6.50,0.000,STEADY
2026-09-16T05:18:31+00:00,seti_ramghat,4.06,6.50,8.50,0.100,RISING
2026-09-16T10:11:51+00:00,bagmati_balkhu,3.21,5.50,7.00,0.080,RISING
2026-09-16T10:11:51+00:00,bagmati_gaurighat,4.11,6.80,8.00,0.050,STEADY
2026-09-16T10:11:51+00:00,bagmati_sundarijal,2.56,4.50,5.80,-0.080,FALLING
2026-09-16T10:11:51+00:00,bagmati_chobhar,4.35,7.00,8.50,0.110,RISING
2026-09-16T10:11:51+00:00,nakkhu_lele,1.99,4.00,5.20,0.070,RISING
2026-09-16T10:11:51+00:00,roshi_panauti,2.16,4.20,5.50,-0.080,FALLING
2026-09-16T10:11:51+00:00,koshi_chatara,4.73,6.00,7.50,0.080,RISING
2026-09-16T10:11:51+00:00,narayani_devghat,5.39,7.30,9.00,0.110,RISING
2026-09-16T10:11:51+00:00,melamchi_helambu,2.66,4.80,6.00,-0.070,FALLING
2026-09-16T10:11:51+00:00,west_rapti_kusum,2.94,5.40,6.80,-0.060,FALLING
2026-09-16T10:11:51+00:00,babai_chepang,3.65,6.10,7.40,0.110,RISING
2026-09-16T10:11:51+00:00,karnali_chisapani,6.45,10.00,12.00,-0.020,STEADY
2026-09-16T10:11:51+00:00,kamala_ranibas,2.41,4.50,5.80,0.020,STEADY
2026-09-16T10:11:51+00:00,kankai_mainachuli,2.12,4.20,5.60,-0.060,FALLING
2026-09-16T10:11:51+00:00,hanumante_thimi,1.87,3.50,4.80,0.040,STEADY
2026-09-16T10:11:51+00:00,manohara_jadibuti,2.16,4.00,5.20,0.080,RISING
2026-09-16T10:11:51+00:00,dhobikhola_anamnagar,1.61,3.20,4.20,0.020,STEADY
2026-09-16T10:11:51+00:00,bishnumati_gongabu,1.66,3.80,5.00,-0.020,STEADY
2026-09-16T10:11:51+00:00,karmanasa_imadol,1.23,3.00,4.00,-0.020,STEADY
2026-09-16T10:11:51+00:00,bhotekoshi_barhabise,3.02,5.00,6.50,0.030,STEADY
2026-09-16T10:11:51+00:00,seti_ramghat,4.01,6.50,8.50,-0.010,STEADY
2026-09-16T15:00:05+00:00,bagmati_balkhu,3.30,5.50,7.00,0.050,STEADY
2026-09-16T15:00:05+00:00,bagmati_gaurighat,4.14,6.80,8.00,0.100,RISING
2026-09-16T15:00:05+00:00,bagmati_sundarijal,2.65,4.50,5.80,0.020,STEADY
2026-09-16T15:00:05+00:00,bagmati_chobhar,4.56,7.00,8.50,0.020,STEADY
2026-09-16T15:00:05+00:00,nakkhu_lele,2.17,4.00,5.20,0.020,STEADY
2026-09-16T15:00:05+00:00,roshi_panauti,2.36,4.20,5.50,0.050,STEADY
2026-09-16T15:00:05+00:00,koshi_chatara,4.83,6.00,7.50,-0.060,FALLING
2026-09-16T15:00:05+00:00,narayani_devghat,5.59,7.30,9.00,-0.060,FALLING
2026-09-16T15:00:05+00:00,melamchi_helambu,2.76,4.80,6.00,0.080,RISING
2026-09-16T15:00:05+00:00,west_rapti_kusum,3.29,5.40,6.80,0.110,RISING
2026-09-16T15:00:05+00:00,babai_chepang,3.88,6.10,7.40,-0.000,STEADY
2026-09-16T15:00:05+00:00,karnali_chisapani,6.56,10.00,12.00,0.090,RISING
2026-09-16T15:00:05+00:00,kamala_ranibas,2.66,4.50,5.80,0.100,RISING
2026-09-16T15:00:05+00:00,kankai_mainachuli,2.26,4.20,5.60,0.090,RISING
2026-09-16T15:00:05+00:00,hanumante_thimi,1.99,3.50,4.80,0.100,RISING
2026-09-16T15:00:05+00:00,manohara_jadibuti,2.27,4.00,5.20,0.030,STEADY
2026-09-16T15:00:05+00:00,dhobikhola_anamnagar,1.70,3.20,4.20,0.130,RISING
2026-09-16T15:00:05+00:00,bishnumati_gongabu,1.85,3.80,5.00,-0.040,STEADY
2026-09-16T15:00:05+00:00,karmanasa_imadol,1.50,3.00,4.00,-0.060,FALLING
2026-09-16T15:00:05+00:00,bhotekoshi_barhabise,3.22,5.00,6.50,0.030,STEADY
2026-09-16T15:00:05+00:00,seti_ramghat,4.11,6.50,8.50,0.130,RISING
2026-09-16T18:49:42+00:00,bagmati_balkhu,3.12,5.50,7.00,-0.080,FALLING
2026-09-16T18:49:42+00:00,bagmati_gaurighat,4.02,6.80,8.00,0.040,STEADY
2026-09-16T18:49:42+00:00,bagmati_sundarijal,2.48,4.50,5.80,0.070,RISING
2026-09-16T18:49:42+00:00,bagmati_chobhar,4.31,7.00,8.50,0.140,RISING
2026-09-16T18:49:42+00:00,nakkhu_lele,1.98,4.00,5.20,0.030,STEADY
2026-09-16T18:49:42+00:00,roshi_panauti,2.27,4.20,5.50,0.100,RISING
2026-09-16T18:49:42+00:00,koshi_chatara,4.77,6.00,7.50,0.150,RISING
2026-09-16T18:49:42+00:00,narayani_devghat,5.22,7.30,9.00,-0.030,STEADY
2026-09-16T18:49:42+00:00,melamchi_helambu,2.67,4.80,6.00,0.040,STEADY
2026-09-16T18:49:42+00:00,west_rapti_kusum,3.04,5.40,6.80,-0.080,FALLING
2026-09-16T18:49:42+00:00,babai_chepang,3.75,6.10,7.40,0.020,STEADY
2026-09-16T18:49:42+00:00,karnali_chisapani,6.44,10.00,12.00,0.050,STEADY
2026-09-16T18:49:42+00:00,kamala_ranibas,2.38,4.50,5.80,-0.040,STEADY
2026-09-16T18:49:42+00:00,kankai_mainachuli,2.02,4.20,5.60,0.010,STEADY
2026-09-16T18:49:42+00:00,hanumante_thimi,1.79,3.50,4.80,0.060,RISING
2026-09-16T18:49:42+00:00,manohara_jadibuti,2.06,4.00,5.20,0.010,STEADY
2026-09-16T18:49:42+00:00,dhobikhola_anamnagar,1.49,3.20,4.20,-0.090,FALLING
2026-09-16T18:49:42+00:00,bishnumati_gongabu,1.61,3.80,5.00,0.140,RISING
2026-09-16T18:49:42+00:00,karmanasa_imadol,1.36,3.00,4.00,-0.010,STEADY
2026-09-16T18:49:42+00:00,bhotekoshi_barhabise,3.08,5.00,6.50,0.060,RISING
2026-09-16T18:49:42+00:00,seti_ramghat,3.96,6.50,8.50,0.040,STEADY
2026-09-16T21:55:22+00:00,bagmati_balkhu,3.27,5.50,7.00,-0.040,STEADY
2026-09-16T21:55:22+00:00,bagmati_gaurighat,4.21,6.80,8.00,0.080,RISING
2026-09-16T21:55:22+00:00,bagmati_sundarijal,2.80,4.50,5.80,-0.020,STEADY
2026-09-16T21:55:22+00:00,bagmati_chobhar,4.60,7.00,8.50,0.120,RISING
2026-09-16T21:55:22+00:00,nakkhu_lele,2.14,4.00,5.20,0.010,STEADY
2026-09-16T21:55:22+00:00,roshi_panauti,2.49,4.20,5.50,0.140,RISING
2026-09-16T21:55:22+00:00,koshi_chatara,5.01,6.00,7.50,-0.060,FALLING
2026-09-16T21:55:22+00:00,narayani_devghat,5.47,7.30,9.00,0.040,STEADY
2026-09-16T21:55:22+00:00,melamchi_helambu,2.82,4.80,6.00,0.120,RISING
2026-09-16T21:55:22+00:00,west_rapti_kusum,3.29,5.40,6.80,0.140,RISING
2026-09-16T21:55:22+00:00,babai_chepang,3.99,6.10,7.40,-0.070,FALLING
2026-09-16T21:55:22+00:00,karnali_chisapani,6.71,10.00,12.00,0.060,RISING
2026-09-16T21:55:22+00:00,kamala_ranibas,2.69,4.50,5.80,0.010,STEADY
2026-09-16T21:55:22+00:00,kankai_mainachuli,2.37,4.20,5.60,-0.070,FALLING
2026-09-16T21:55:22+00:00,hanumante_thimi,2.11,3.50,4.80,-0.020,STEADY
2026-09-16T21:55:22+00:00,manohara_jadibuti,2.32,4.00,5.20,0.050,STEADY
2026-09-16T21:55:22+00:00,dhobikhola_anamnagar,1.72,3.20,4.20,0.140,RISING
2026-09-16T21:55:22+00:00,bishnumati_gongabu,1.91,3.80,5.00,0.070,RISING
2026-09-16T21:55:22+00:00,karmanasa_imadol,1.62,3.00,4.00,0.080,RISING
2026-09-16T21:55:22+00:00,bhotekoshi_barhabise,3.32,5.00,6.50,-0.040,STEADY
2026-09-16T21:55:22+00:00,seti_ramghat,4.16,6.50,8.50,0.130,RISING
2026-09-17T00:09:27+00:00,bagmati_balkhu,3.17,5.50,7.00,0.060,RISING
2026-09-17T00:09:27+00:00,bagmati_gaurighat,4.14,6.80,8.00,0.050,STEADY
2026-09-17T00:09:27+00:00,bagmati_sundarijal,2.62,4.50,5.80,0.070,RISING
2026-09-17T00:09:27+00:00,bagmati_chobhar,4.45,7.00,8.50,0.090,RISING
2026-09-17T00:09:27+00:00,nakkhu_lele,2.17,4.00,5.20,0.140,RISING
2026-09-17T00:09:27+00:00,roshi_panauti,2.22,4.20,5.50,0.040,STEADY
2026-09-17T00:09:27+00:00,koshi_chatara,4.79,6.00,7.50,-0.080,FALLING
2026-09-17T00:09:27+00:00,narayani_devghat,5.35,7.30,9.00,0.090,RISING
2026-09-17T00:09:27+00:00,melamchi_helambu,2.61,4.80,6.00,0.150,RISING
2026-09-17T00:09:27+00:00,west_rapti_kusum,3.20,5.40,6.80,0.110,RISING
2026-09-17T00:09:27+00:00,babai_chepang,3.81,6.10,7.40,0.020,STEADY
2026-09-17T00:09:27+00:00,karnali_chisapani,6.45,10.00,12.00,0.100,RISING
2026-09-17T00:09:27+00:00,kamala_ranibas,2.55,4.50,5.80,-0.030,STEADY
2026-09-17T00:09:27+00:00,kankai_mainachuli,2.24,4.20,5.60,0.100,RISING
2026-09-17T00:09:27+00:00,hanumante_thimi,1.83,3.50,4.80,0.060,RISING
2026-09-17T00:09:27+00:00,manohara_jadibuti,2.23,4.00,5.20,0.110,RISING
2026-09-17T00:09:27+00:00,dhobikhola_anamnagar,1.55,3.20,4.20,-0.070,FALLING
2026-09-17T00:09:27+00:00,bishnumati_gongabu,1.89,3.80,5.00,0.040,STEADY
2026-09-17T00:09:27+00:00,karmanasa_imadol,1.47,3.00,4.00,-0.090,FALLING
2026-09-17T00:09:27+00:00,bhotekoshi_barhabise,3.06,5.00,6.50,0.110,RISING
2026-09-17T00:09:27+00:00,seti_ramghat,4.19,6.50,8.50,0.040,STEADY
2026-09-17T04:53:35+00:00,bagmati_balkhu,3.09,5.50,7.00,0.090,RISING
2026-09-17T04:53:35+00:00,bagmati_gaurighat,3.89,6.80,8.00,-0.010,STEADY
2026-09-17T04:53:35+00:00,bagmati_sundarijal,2.50,4.50,5.80,0.100,RISING
2026-09-17T04:53:35+00:00,bagmati_chobhar,4.31,7.00,8.50,-0.090,FALLING
2026-09-17T04:53:35+00:00,nakkhu_lele,1.99,4.00,5.20,0.080,RISING
2026-09-17T04:53:35+00:00,roshi_panauti,2.21,4.20,5.50,0.010,STEADY
2026-09-17T04:53:35+00:00,koshi_chatara,4.61,6.00,7.50,-0.080,FALLING
2026-09-17T04:53:35+00:00,narayani_devghat,5.30,7.30,9.00,-0.020,STEADY
2026-09-17T04:53:35+00:00,melamchi_helambu,2.69,4.80,6.00,0.080,RISING
2026-09-17T04:53:35+00:00,west_rapti_kusum,3.00,5.40,6.80,-0.090,FALLING
2026-09-17T04:53:35+00:00,babai_chepang,3.74,6.10,7.40,0.060,RISING
2026-09-17T04:53:35+00:00,karnali_chisapani,6.40,10.00,12.00,0.050,STEADY
2026-09-17T04:53:35+00:00,kamala_ranibas,2.43,4.50,5.80,0.110,RISING
2026-09-17T04:53:35+00:00,kankai_mainachuli,2.00,4.20,5.60,0.030,STEADY
2026-09-17T04:53:35+00:00,hanumante_thimi,1.83,3.50,4.80,-0.100,FALLING
2026-09-17T04:53:35+00:00,manohara_jadibuti,2.17,4.00,5.20,-0.040,STEADY
2026-09-17T04:53:35+00:00,dhobikhola_anamnagar,1.52,3.20,4.20,-0.010,STEADY
2026-09-17T04:53:35+00:00,bishnumati_gongabu,1.65,3.80,5.00,-0.030,STEADY
2026-09-17T04:53:35+00:00,karmanasa_imadol,1.36,3.00,4.00,-0.060,FALLING
2026-09-17T04:53:35+00:00,bhotekoshi_barhabise,2.98,5.00,6.50,-0.020,STEADY
2026-09-17T04:53:35+00:00,seti_ramghat,3.92,6.50,8.50,-0.030,STEADY
2026-09-17T09:51:07+00:00,bagmati_balkhu,3.20,5.50,7.00,-0.040,STEADY
2026-09-17T09:51:07+00:00,bagmati_gaurighat,4.20,6.80,8.00,0.100,RISING
2026-09-17T09:51:07+00:00,bagmati_sundarijal,2.59,4.50,5.80,-0.050,STEADY
2026-09-17T09:51:07+00:00,bagmati_chobhar,4.47,7.00,8.50,0.050,STEADY
2026-09-17T09:51:07+00:00,nakkhu_lele,2.12,4.00,5.20,0.150,RISING
2026-09-17T09:51:07+00:00,roshi_panauti,2.36,4.20,5.50,0.110,RISING
2026-09-17T09:51:07+00:00,koshi_chatara,4.88,6.00,7.50,0.130,RISING
2026-09-17T09:51:07+00:00,narayani_devghat,5.44,7.30,9.00,0.010,STEADY
2026-09-17T09:51:07+00:00,melamchi_helambu,2.81,4.80,6.00,0.140,RISING
2026-09-17T09:51:07+00:00,west_rapti_kusum,3.20,5.40,6.80,0.100,RISING
2026-09-17T09:51:07+00:00,babai_chepang,3.96,6.10,7.40,0.040,STEADY
2026-09-17T09:51:07+00:00,karnali_chisapani,6.48,10.00,12.00,0.060,RISING
2026-09-17T09:51:07+00:00,kamala_ranibas,2.49,4.50,5.80,0.080,RISING
2026-09-17T09:51:07+00:00,kankai_mainachuli,2.22,4.20,5.60,0.110,RISING
2026-09-17T09:51:07+00:00,hanumante_thimi,1.90,3.50,4.80,0.150,RISING
2026-09-17T09:51:07+00:00,manohara_jadibuti,2.31,4.00,5.20,0.100,RISING
2026-09-17T09:51:07+00:00,dhobikhola_anamnagar,1.70,3.20,4.20,0.010,STEADY
2026-09-17T09:51:07+00:00,bishnumati_gongabu,1.83,3.80,5.00,-0.080,FALLING
2026-09-17T09:51:07+00:00,karmanasa_imadol,1.40,3.00,4.00,0.010,STEADY
2026-09-17T09:51:07+00:00,bhotekoshi_barhabise,3.24,5.00,6.50,0.090,RISING
2026-09-17T09:51:07+00:00,seti_ramghat,4.16,6.50,8.50,-0.030,STEADY
2026-09-17T14:43:36+00:00,bagmati_balkhu,3.32,5.50,7.00,0.050,STEADY
2026-09-17T14:43:36+00:00,bagmati_gaurighat,4.30,6.80,8.00,0.090,RISING
2026-09-17T14:43:36+00:00,bagmati_sundarijal,2.82,4.50,5.80,-0.030,STEADY
2026-09-17T14:43:36+00:00,bagmati_chobhar,4.65,7.00,8.50,0.080,RISING
2026-09-17T14:43:36+00:00,nakkhu_lele,2.17,4.00,5.20,0.110,RISING
2026-09-17T14:43:36+00:00,roshi_panauti,2.41,4.20,5.50,0.080,RISING
2026-09-17T14:43:36+00:00,koshi_chatara,4.99,6.00,7.50,0.140,RISING
2026-09-17T14:43:36+00:00,narayani_devghat,5.49,7.30,9.00,0.050,STEADY
2026-09-17T14:43:36+00:00,melamchi_helambu,2.82,4.80,6.00,0.010,STEADY
2026-09-17T14:43:36+00:00,west_rapti_kusum,3.22,5.40,6.80,-0.050,STEADY
2026-09-17T14:43:36+00:00,babai_chepang,3.93,6.10,7.40,0.070,RISING
2026-09-17T14:43:36+00:00,karnali_chisapani,6.67,10.00,12.00,0.100,RISING
2026-09-17T14:43:36+00:00,kamala_ranibas,2.56,4.50,5.80,0.070,RISING
2026-09-17T14:43:36+00:00,kankai_mainachuli,2.25,4.20,5.60,0.010,STEADY
2026-09-17T14:43:36+00:00,hanumante_thimi,2.10,3.50,4.80,-0.040,STEADY
2026-09-17T14:43:36+00:00,manohara_jadibuti,2.28,4.00,5.20,-0.070,FALLING
2026-09-17T14:43:36+00:00,dhobikhola_anamnagar,1.81,3.20,4.20,-0.020,STEADY
2026-09-17T14:43:36+00:00,bishnumati_gongabu,1.91,3.80,5.00,0.020,STEADY
2026-09-17T14:43:36+00:00,karmanasa_imadol,1.56,3.00,4.00,-0.010,STEADY
2026-09-17T14:43:36+00:00,bhotekoshi_barhabise,3.18,5.00,6.50,0.040,STEADY
2026-09-17T14:43:36+00:00,seti_ramghat,4.31,6.50,8.50,0.080,RISING
2026-09-17T18:36:35+00:00,bagmati_balkhu,3.09,5.50,7.00,0.030,STEADY
2026-09-17T18:36:35+00:00,bagmati_gaurighat,3.91,6.80,8.00,0.030,STEADY
2026-09-17T18:36:35+00:00,bagmati_sundarijal,2.47,4.50,5.80,-0.050,STEADY
2026-09-17T18:36:35+00:00,bagmati_chobhar,4.37,7.00,8.50,-0.060,FALLING
2026-09-17T18:36:35+00:00,nakkhu_lele,1.93,4.00,5.20,0.070,RISING
2026-09-17T18:36:35+00:00,roshi_panauti,2.19,4.20,5.50,0.110,RISING
2026-09-17T18:36:35+00:00,koshi_chatara,4.74,6.00,7.50,0.060,RISING
2026-09-17T18:36:35+00:00,narayani_devghat,5.24,7.30,9.00,0.100,RISING
2026-09-17T18:36:35+00:00,melamchi_helambu,2.60,4.80,6.00,0.070,RISING
2026-09-17T18:36:35+00:00,west_rapti_kusum,3.05,5.40,6.80,-0.040,STEADY
2026-09-17T18:36:35+00:00,babai_chepang,3.60,6.10,7.40,0.090,RISING
2026-09-17T18:36:35+00:00,karnali_chisapani,6.36,10.00,12.00,-0.090,FALLING
2026-09-17T18:36:35+00:00,kamala_ranibas,2.34,4.50,5.80,0.060,RISING
2026-09-17T18:36:35+00:00,kankai_mainachuli,2.12,4.20,5.60,0.010,STEADY
2026-09-17T18:36:35+00:00,hanumante_thimi,1.87,3.50,4.80,0.040,STEADY
2026-09-17T18:36:35+00:00,manohara_jadibuti,2.02,4.00,5.20,0.000,STEADY
2026-09-17T18:36:35+00:00,dhobikhola_anamnagar,1.48,3.20,4.20,-0.030,STEADY
2026-09-17T18:36:35+00:00,bishnumati_gongabu,1.63,3.80,5.00,0.070,RISING
2026-09-17T18:36:35+00:00,karmanasa_imadol,1.38,3.00,4.00,0.100,RISING
2026-09-17T18:36:35+00:00,bhotekoshi_barhabise,2.90,5.00,6.50,-0.010,STEADY
2026-09-17T18:36:35+00:00,seti_ramghat,3.94,6.50,8.50,0.120,RISING
2026-09-17T21:47:11+00:00,bagmati_balkhu,3.31,5.50,7.00,0.070,RISING
2026-09-17T21:47:11+00:00,bagmati_gaurighat,4.22,6.80,8.00,-0.090,FALLING
2026-09-17T21:47:11+00:00,bagmati_sundarijal,2.75,4.50,5.80,0.120,RISING
2026-09-17T21:47:11+00:00,bagmati_chobhar,4.70,7.00,8.50,-0.060,FALLING
2026-09-17T21:47:11+00:00,nakkhu_lele,2.16,4.00,5.20,0.050,STEADY
2026-09-17T21:47:11+00:00,roshi_panauti,2.45,4.20,5.50,0.060,RISING
2026-09-17T21:47:11+00:00,koshi_chatara,4.97,6.00,7.50,0.020,STEADY
2026-09-17T21:47:11+00:00,narayani_devghat,5.47,7.30,9.00,0.120,RISING
2026-09-17T21:47:11+00:00,melamchi_helambu,2.73,4.80,6.00,0.070,RISING
2026-09-17T21:47:11+00:00,west_rapti_kusum,3.25,5.40,6.80,0.030,STEADY
2026-09-17T21:47:11+00:00,babai_chepang,4.02,6.10,7.40,-0.000,STEADY
2026-09-17T21:47:11+00:00,karnali_chisapani,6.69,10.00,12.00,0.140,RISING
2026-09-17T21:47:11+00:00,kamala_ranibas,2.72,4.50,5.80,0.060,RISING
2026-09-17T21:47:11+00:00,kankai_mainachuli,2.25,4.20,5.60,0.100,RISING
2026-09-17T21:47:11+00:00,hanumante_thimi,1.97,3.50,4.80,0.070,RISING
2026-09-17T21:47:11+00:00,manohara_jadibuti,2.23,4.00,5.20,0.110,RISING
2026-09-17T21:47:11+00:00,dhobikhola_anamnagar,1.65,3.20,4.20,-0.010,STEADY
2026-09-17T21:47:11+00:00,bishnumati_gongabu,1.95,3.80,5.00,-0.030,STEADY
2026-09-17T21:47:11+00:00,karmanasa_imadol,1.52,3.00,4.00,0.060,RISING
2026-09-17T21:47:11+00:00,bhotekoshi_barhabise,3.25,5.00,6.50,0.090,RISING
2026-09-17T21:47:11+00:00,seti_ramghat,4.15,6.50,8.50,-0.050,STEADY
2026-09-17T23:56:08+00:00,bagmati_balkhu,3.12,5.50,7.00,0.070,RISING
2026-09-17T23:56:08+00:00,bagmati_gaurighat,4.06,6.80,8.00,0.070,RISING
2026-09-17T23:56:08+00:00,bagmati_sundarijal,2.47,4.50,5.80,0.030,STEADY
2026-09-17T23:56:08+00:00,bagmati_chobhar,4.46,7.00,8.50,0.070,RISING
2026-09-17T23:56:08+00:00,nakkhu_lele,2.03,4.00,5.20,0.030,STEADY
2026-09-17T23:56:08+00:00,roshi_panauti,2.23,4.20,5.50,0.000,STEADY
2026-09-17T23:56:08+00:00,koshi_chatara,4.74,6.00,7.50,-0.090,FALLING
2026-09-17T23:56:08+00:00,narayani_devghat,5.18,7.30,9.00,-0.070,FALLING
2026-09-17T23:56:08+00:00,melamchi_helambu,2.51,4.80,6.00,-0.050,STEADY
2026-09-17T23:56:08+00:00,west_rapti_kusum,2.94,5.40,6.80,0.070,RISING
2026-09-17T23:56:08+00:00,babai_chepang,3.73,6.10,7.40,0.020,STEADY
2026-09-17T23:56:08+00:00,karnali_chisapani,6.27,10.00,12.00,-0.010,STEADY
2026-09-17T23:56:08+00:00,kamala_ranibas,2.42,4.50,5.80,-0.070,FALLING
2026-09-17T23:56:08+00:00,kankai_mainachuli,2.07,4.20,5.60,-0.040,STEADY
2026-09-17T23:56:08+00:00,hanumante_thimi,1.76,3.50,4.80,0.100,RISING
2026-09-17T23:56:08+00:00,manohara_jadibuti,2.02,4.00,5.20,0.020,STEADY
2026-09-17T23:56:08+00:00,dhobikhola_anamnagar,1.53,3.20,4.20,0.050,STEADY
2026-09-17T23:56:08+00:00,bishnumati_gongabu,1.66,3.80,5.00,-0.080,FALLING
2026-09-17T23:56:08+00:00,karmanasa_imadol,1.37,3.00,4.00,-0.080,FALLING
2026-09-17T23:56:08+00:00,bhotekoshi_barhabise,3.03,5.00,6.50,0.100,RISING
2026-09-17T23:56:08+00:00,seti_ramghat,3.94,6.50,8.50,0.110,RISING
2026-09-18T03:43:07+00:00,bagmati_balkhu,3.24,5.50,7.00,0.080,RISING
2026-09-18T03:43:07+00:00,bagmati_gaurighat,4.09,6.80,8.00,-0.060,FALLING
2026-09-18T03:43:07+00:00,bagmati_sundarijal,2.60,4.50,5.80,-0.070,FALLING
2026-09-18T03:43:07+00:00,bagmati_chobhar,4.50,7.00,8.50,0.010,STEADY
2026-09-18T03:43:07+00:00,nakkhu_lele,2.13,4.00,5.20,-0.060,FALLING
2026-09-18T03:43:07+00:00,roshi_panauti,2.38,4.20,5.50,0.120,RISING
2026-09-18T03:43:07+00:00,koshi_chatara,4.78,6.00,7.50,0.130,RISING
2026-09-18T03:43:07+00:00,narayani_devghat,5.38,7.30,9.00,0.040,STEADY
2026-09-18T03:43:07+00:00,melamchi_helambu,2.70,4.80,6.00,-0.010,STEADY
2026-09-18T03:43:07+00:00,west_rapti_kusum,3.11,5.40,6.80,-0.090,FALLING
2026-09-18T03:43:07+00:00,babai_chepang,3.89,6.10,7.40,0.060,RISING
2026-09-18T03:43:07+00:00,karnali_chisapani,6.54,10.00,12.00,0.070,RISING
2026-09-18T03:43:07+00:00,kamala_ranibas,2.57,4.50,5.80,-0.060,FALLING
2026-09-18T03:43:07+00:00,kankai_mainachuli,2.23,4.20,5.60,0.080,RISING
2026-09-18T03:43:07+00:00,hanumante_thimi,1.93,3.50,4.80,0.030,STEADY
2026-09-18T03:43:07+00:00,manohara_jadibuti,2.18,4.00,5.20,0.130,RISING
2026-09-18T03:43:07+00:00,dhobikhola_anamnagar,1.56,3.20,4.20,0.070,RISING
2026-09-18T03:43:07+00:00,bishnumati_gongabu,1.90,3.80,5.00,-0.000,STEADY
2026-09-18T03:43:07+00:00,karmanasa_imadol,1.41,3.00,4.00,-0.060,FALLING
2026-09-18T03:43:07+00:00,bhotekoshi_barhabise,3.14,5.00,6.50,0.010,STEADY
2026-09-18T03:43:07+00:00,seti_ramghat,4.21,6.50,8.50,-0.090,FALLING
2026-09-18T08:31:08+00:00,bagmati_balkhu,3.44,5.50,7.00,0.080,RISING
2026-09-18T08:31:08+00:00,bagmati_gaurighat,4.16,6.80,8.00,-0.090,FALLING
2026-09-18T08:31:08+00:00,bagmati_sundarijal,2.80,4.50,5.80,0.030,STEADY
2026-09-18T08:31:08+00:00,bagmati_chobhar,4.65,7.00,8.50,0.050,STEADY
2026-09-18T08:31:08+00:00,nakkhu_lele,2.16,4.00,5.20,0.050,STEADY
2026-09-18T08:31:08+00:00,roshi_panauti,2.49,4.20,5.50,0.090,RISING
2026-09-18T08:31:08+00:00,koshi_chatara,4.85,6.00,7.50,0.090,RISING
2026-09-18T08:31:08+00:00,narayani_devghat,5.47,7.30,9.00,0.040,STEADY
2026-09-18T08:31:08+00:00,melamchi_helambu,2.83,4.80,6.00,-0.080,FALLING
2026-09-18T08:31:08+00:00,west_rapti_kusum,3.31,5.40,6.80,-0.030,STEADY
2026-09-18T08:31:08+00:00,babai_chepang,4.05,6.10,7.40,0.110,RISING
2026-09-18T08:31:08+00:00,karnali_chisapani,6.63,10.00,12.00,0.030,STEADY
2026-09-18T08:31:08+00:00,kamala_ranibas,2.59,4.50,5.80,0.010,STEADY
2026-09-18T08:31:08+00:00,kankai_mainachuli,2.40,4.20,5.60,-0.090,FALLING
2026-09-18T08:31:08+00:00,hanumante_thimi,2.13,3.50,4.80,0.040,STEADY
2026-09-18T08:31:08+00:00,manohara_jadibuti,2.36,4.00,5.20,0.020,STEADY
2026-09-18T08:31:08+00:00,dhobikhola_anamnagar,1.67,3.20,4.20,0.150,RISING
2026-09-18T08:31:08+00:00,bishnumati_gongabu,1.98,3.80,5.00,0.050,STEADY
2026-09-18T08:31:08+00:00,karmanasa_imadol,1.57,3.00,4.00,0.070,RISING
2026-09-18T08:31:08+00:00,bhotekoshi_barhabise,3.34,5.00,6.50,-0.050,STEADY
2026-09-18T08:31:08+00:00,seti_ramghat,4.27,6.50,8.50,0.120,RISING
2026-09-18T13:10:18+00:00,bagmati_balkhu,3.36,5.50,7.00,0.010,STEADY
2026-09-18T13:10:18+00:00,bagmati_gaurighat,4.11,6.80,8.00,0.150,RISING
2026-09-18T13:10:18+00:00,bagmati_sundarijal,2.65,4.50,5.80,0.030,STEADY
2026-09-18T13:10:18+00:00,bagmati_chobhar,4.64,7.00,8.50,0.000,STEADY
2026-09-18T13:10:18+00:00,nakkhu_lele,2.10,4.00,5.20,0.110,RISING
2026-09-18T13:10:18+00:00,roshi_panauti,2.32,4.20,5.50,-0.070,FALLING
2026-09-18T13:10:18+00:00,koshi_chatara,4.93,6.00,7.50,0.110,RISING
2026-09-18T13:10:18+00:00,narayani_devghat,5.41,7.30,9.00,0.140,RISING
2026-09-18T13:10:18+00:00,melamchi_helambu,2.83,4.80,6.00,0.010,STEADY
2026-09-18T13:10:18+00:00,west_rapti_kusum,3.18,5.40,6.80,0.050,STEADY
2026-09-18T13:10:18+00:00,babai_chepang,3.76,6.10,7.40,0.030,STEADY
2026-09-18T13:10:18+00:00,karnali_chisapani,6.64,10.00,12.00,0.110,RISING
2026-09-18T13:10:18+00:00,kamala_ranibas,2.61,4.50,5.80,0.110,RISING
2026-09-18T13:10:18+00:00,kankai_mainachuli,2.23,4.20,5.60,-0.070,FALLING
2026-09-18T13:10:18+00:00,hanumante_thimi,1.99,3.50,4.80,0.070,RISING
2026-09-18T13:10:18+00:00,manohara_jadibuti,2.21,4.00,5.20,0.150,RISING
2026-09-18T13:10:18+00:00,dhobikhola_anamnagar,1.65,3.20,4.20,-0.080,FALLING
2026-09-18T13:10:18+00:00,bishnumati_gongabu,1.78,3.80,5.00,0.010,STEADY
2026-09-18T13:10:18+00:00,karmanasa_imadol,1.52,3.00,4.00,-0.050,STEADY
2026-09-18T13:10:18+00:00,bhotekoshi_barhabise,3.07,5.00,6.50,0.020,STEADY
2026-09-18T13:10:18+00:00,seti_ramghat,4.17,6.50,8.50,0.040,STEADY
2026-09-18T17:06:11+00:00,bagmati_balkhu,3.13,5.50,7.00,-0.010,STEADY
2026-09-18T17:06:11+00:00,bagmati_gaurighat,3.87,6.80,8.00,0.040,STEADY
2026-09-18T17:06:11+00:00,bagmati_sundarijal,2.45,4.50,5.80,0.090,RISING
2026-09-18T17:06:11+00:00,bagmati_chobhar,4.39,7.00,8.50,-0.070,FALLING
2026-09-18T17:06:11+00:00,nakkhu_lele,1.96,4.00,5.20,-0.010,STEADY
2026-09-18T17:06:11+00:00,roshi_panauti,2.12,4.20,5.50,0.050,STEADY
2026-09-18T17:06:11+00:00,koshi_chatara,4.70,6.00,7.50,-0.010,STEADY
2026-09-18T17:06:11+00:00,narayani_devghat,5.33,7.30,9.00,0.130,RISING
2026-09-18T17:06:11+00:00,melamchi_helambu,2.57,4.80,6.00,-0.090,FALLING
2026-09-18T17:06:11+00:00,west_rapti_kusum,2.92,5.40,6.80,-0.040,STEADY
2026-09-18T17:06:11+00:00,babai_chepang,3.67,6.10,7.40,-0.100,FALLING
2026-09-18T17:06:11+00:00,karnali_chisapani,6.38,10.00,12.00,-0.000,STEADY
2026-09-18T17:06:11+00:00,kamala_ranibas,2.29,4.50,5.80,0.050,STEADY
2026-09-18T17:06:11+00:00,kankai_mainachuli,2.14,4.20,5.60,-0.030,STEADY
2026-09-18T17:06:11+00:00,hanumante_thimi,1.75,3.50,4.80,0.070,RISING
2026-09-18T17:06:11+00:00,manohara_jadibuti,2.10,4.00,5.20,0.060,RISING
2026-09-18T17:06:11+00:00,dhobikhola_anamnagar,1.37,3.20,4.20,0.130,RISING
2026-09-18T17:06:11+00:00,bishnumati_gongabu,1.62,3.80,5.00,0.100,RISING
2026-09-18T17:06:11+00:00,karmanasa_imadol,1.33,3.00,4.00,-0.030,STEADY
2026-09-18T17:06:11+00:00,bhotekoshi_barhabise,2.93,5.00,6.50,0.140,RISING
2026-09-18T17:06:11+00:00,seti_ramghat,4.01,6.50,8.50,0.040,STEADY
2026-09-18T19:36:56+00:00,bagmati_balkhu,3.28,5.50,7.00,0.070,RISING
2026-09-18T19:36:56+00:00,bagmati_gaurighat,4.11,6.80,8.00,-0.040,STEADY
2026-09-18T19:36:56+00:00,bagmati_sundarijal,2.61,4.50,5.80,-0.060,FALLING
2026-09-18T19:36:56+00:00,bagmati_chobhar,4.48,7.00,8.50,0.030,STEADY
2026-09-18T19:36:56+00:00,nakkhu_lele,2.03,4.00,5.20,0.110,RISING
2026-09-18T19:36:56+00:00,roshi_panauti,2.25,4.20,5.50,-0.100,FALLING
2026-09-18T19:36:56+00:00,koshi_chatara,4.75,6.00,7.50,0.050,STEADY
2026-09-18T19:36:56+00:00,narayani_devghat,5.33,7.30,9.00,-0.010,STEADY
2026-09-18T19:36:56+00:00,melamchi_helambu,2.64,4.80,6.00,-0.040,STEADY
2026-09-18T19:36:56+00:00,west_rapti_kusum,3.17,5.40,6.80,0.110,RISING
2026-09-18T19:36:56+00:00,babai_chepang,3.75,6.10,7.40,-0.060,FALLING
2026-09-18T19:36:56+00:00,karnali_chisapani,6.47,10.00,12.00,0.010,STEADY
2026-09-18T19:36:56+00:00,kamala_ranibas,2.52,4.50,5.80,0.040,STEADY
2026-09-18T19:36:56+00:00,kankai_mainachuli,2.28,4.20,5.60,0.020,STEADY
2026-09-18T19:36:56+00:00,hanumante_thimi,2.02,3.50,4.80,-0.070,FALLING
2026-09-18T19:36:56+00:00,manohara_jadibuti,2.18,4.00,5.20,-0.090,FALLING
2026-09-18T19:36:56+00:00,dhobikhola_anamnagar,1.58,3.20,4.20,-0.030,STEADY
2026-09-18T19:36:56+00:00,bishnumati_gongabu,1.75,3.80,5.00,0.050,STEADY
2026-09-18T19:36:56+00:00,karmanasa_imadol,1.48,3.00,4.00,0.110,RISING
2026-09-18T19:36:56+00:00,bhotekoshi_barhabise,3.06,5.00,6.50,-0.040,STEADY
2026-09-18T19:36:56+00:00,seti_ramghat,4.12,6.50,8.50,-0.050,STEADY
2026-09-18T21:53:42+00:00,bagmati_balkhu,3.32,5.50,7.00,0.050,STEADY
2026-09-18T21:53:42+00:00,bagmati_gaurighat,4.19,6.80,8.00,0.140,RISING
2026-09-18T21:53:42+00:00,bagmati_sundarijal,2.64,4.50,5.80,-0.070,FALLING
2026-09-18T21:53:42+00:00,bagmati_chobhar,4.71,7.00,8.50,0.050,STEADY
2026-09-18T21:53:42+00:00,nakkhu_lele,2.26,4.00,5.20,0.100,RISING
2026-09-18T21:53:42+00:00,roshi_panauti,2.47,4.20,5.50,-0.010,STEADY
2026-09-18T21:53:42+00:00,koshi_chatara,4.89,6.00,7.50,0.020,STEADY
2026-09-18T21:53:42+00:00,narayani_devghat,5.43,7.30,9.00,0.120,RISING
2026-09-18T21:53:42+00:00,melamchi_helambu,2.90,4.80,6.00,-0.040,STEADY
2026-09-18T21:53:42+00:00,west_rapti_kusum,3.28,5.40,6.80,0.000,STEADY
2026-09-18T21:53:42+00:00,babai_chepang,3.94,6.10,7.40,-0.050,STEADY
2026-09-18T21:53:42+00:00,karnali_chisapani,6.65,10.00,12.00,0.010,STEADY
2026-09-18T21:53:42+00:00,kamala_ranibas,2.64,4.50,5.80,-0.040,STEADY
2026-09-18T21:53:42+00:00,kankai_mainachuli,2.24,4.20,5.60,-0.090,FALLING
2026-09-18T21:53:42+00:00,hanumante_thimi,2.07,3.50,4.80,0.080,RISING
2026-09-18T21:53:42+00:00,manohara_jadibuti,2.40,4.00,5.20,-0.100,FALLING
2026-09-18T21:53:42+00:00,dhobikhola_anamnagar,1.79,3.20,4.20,-0.100,FALLING
2026-09-18T21:53:42+00:00,bishnumati_gongabu,1.97,3.80,5.00,0.150,RISING
2026-09-18T21:53:42+00:00,karmanasa_imadol,1.60,3.00,4.00,0.030,STEADY
2026-09-18T21:53:42+00:00,bhotekoshi_barhabise,3.14,5.00,6.50,-0.060,FALLING
2026-09-18T21:53:42+00:00,seti_ramghat,4.19,6.50,8.50,0.110,RISING
2026-09-18T23:54:47+00:00,bagmati_balkhu,3.04,5.50,7.00,-0.030,STEADY
2026-09-18T23:54:47+00:00,bagmati_gaurighat,4.03,6.80,8.00,-0.090,FALLING
2026-09-18T23:54:47+00:00,bagmati_sundarijal,2.39,4.50,5.80,0.000,STEADY
2026-09-18T23:54:47+00:00,bagmati_chobhar,4.36,7.00,8.50,0.080,RISING
2026-09-18T23:54:47+00:00,nakkhu_lele,2.00,4.00,5.20,0.010,STEADY
2026-09-18T23:54:47+00:00,roshi_panauti,2.25,4.20,5.50,-0.080,FALLING
2026-09-18T23:54:47+00:00,koshi_chatara,4.71,6.00,7.50,0.010,STEADY
2026-09-18T23:54:47+00:00,narayani_devghat,5.28,7.30,9.00,-0.020,STEADY
2026-09-18T23:54:47+00:00,melamchi_helambu,2.65,4.80,6.00,0.100,RISING
2026-09-18T23:54:47+00:00,west_rapti_kusum,2.89,5.40,6.80,0.050,STEADY
2026-09-18T23:54:47+00:00,babai_chepang,3.63,6.10,7.40,0.120,RISING
2026-09-18T23:54:47+00:00,karnali_chisapani,6.36,10.00,12.00,-0.040,STEADY
2026-09-18T23:54:47+00:00,kamala_ranibas,2.34,4.50,5.80,0.110,RISING
2026-09-18T23:54:47+00:00,kankai_mainachuli,2.12,4.20,5.60,0.130,RISING
2026-09-18T23:54:47+00:00,hanumante_thimi,1.78,3.50,4.80,0.120,RISING
2026-09-18T23:54:47+00:00,manohara_jadibuti,2.11,4.00,5.20,0.130,RISING
2026-09-18T23:54:47+00:00,dhobikhola_anamnagar,1.44,3.20,4.20,-0.060,FALLING
2026-09-18T23:54:47+00:00,bishnumati_gongabu,1.74,3.80,5.00,-0.030,STEADY
2026-09-18T23:54:47+00:00,karmanasa_imadol,1.35,3.00,4.00,0.090,RISING
2026-09-18T23:54:47+00:00,bhotekoshi_barhabise,3.03,5.00,6.50,-0.020,STEADY
2026-09-18T23:54:47+00:00,seti_ramghat,4.05,6.50,8.50,0.150,RISING
2026-09-19T03:26:34+00:00,bagmati_balkhu,3.14,5.50,7.00,-0.090,FALLING
2026-09-19T03:26:34+00:00,bagmati_gaurighat,4.10,6.80,8.00,0.050,STEADY
2026-09-19T03:26:34+00:00,bagmati_sundarijal,2.54,4.50,5.80,-0.100,FALLING
2026-09-19T03:26:34+00:00,bagmati_chobhar,4.55,7.00,8.50,0.120,RISING
2026-09-19T03:26:34+00:00,nakkhu_lele,2.06,4.00,5.20,0.060,RISING
2026-09-19T03:26:34+00:00,roshi_panauti,2.26,4.20,5.50,0.030,STEADY
2026-09-19T03:26:34+00:00,koshi_chatara,4.87,6.00,7.50,0.120,RISING
2026-09-19T03:26:34+00:00,narayani_devghat,5.41,7.30,9.00,0.080,RISING
2026-09-19T03:26:34+00:00,melamchi_helambu,2.80,4.80,6.00,0.000,STEADY
2026-09-19T03:26:34+00:00,west_rapti_kusum,3.12,5.40,6.80,-0.040,STEADY
2026-09-19T03:26:34+00:00,babai_chepang,3.91,6.10,7.40,0.140,RISING
2026-09-19T03:26:34+00:00,karnali_chisapani,6.60,10.00,12.00,0.090,RISING
2026-09-19T03:26:34+00:00,kamala_ranibas,2.44,4.50,5.80,-0.060,FALLING
2026-09-19T03:26:34+00:00,kankai_mainachuli,2.22,4.20,5.60,-0.070,FALLING
2026-09-19T03:26:34+00:00,hanumante_thimi,1.99,3.50,4.80,0.140,RISING
2026-09-19T03:26:34+00:00,manohara_jadibuti,2.26,4.00,5.20,-0.040,STEADY
2026-09-19T03:26:34+00:00,dhobikhola_anamnagar,1.67,3.20,4.20,-0.080,FALLING
2026-09-19T03:26:34+00:00,bishnumati_gongabu,1.89,3.80,5.00,0.030,STEADY
2026-09-19T03:26:34+00:00,karmanasa_imadol,1.46,3.00,4.00,-0.030,STEADY
2026-09-19T03:26:34+00:00,bhotekoshi_barhabise,3.12,5.00,6.50,0.060,RISING
2026-09-19T03:26:34+00:00,seti_ramghat,4.15,6.50,8.50,0.140,RISING
2026-09-19T08:14:46+00:00,bagmati_balkhu,3.33,5.50,7.00,0.040,STEADY
2026-09-19T08:14:46+00:00,bagmati_gaurighat,4.19,6.80,8.00,0.130,RISING
2026-09-19T08:14:46+00:00,bagmati_sundarijal,2.81,4.50,5.80,0.050,STEADY
2026-09-19T08:14:46+00:00,bagmati_chobhar,4.65,7.00,8.50,0.070,RISING
2026-09-19T08:14:46+00:00,nakkhu_lele,2.19,4.00,5.20,0.150,RISING
2026-09-19T08:14:46+00:00,roshi_panauti,2.41,4.20,5.50,0.040,STEADY
2026-09-19T08:14:46+00:00,koshi_chatara,4.94,6.00,7.50,-0.040,STEADY
2026-09-19T08:14:46+00:00,narayani_devghat,5.58,7.30,9.00,-0.000,STEADY
2026-09-19T08:14:46+00:00,melamchi_helambu,2.84,4.80,6.00,-0.080,FALLING
2026-09-19T08:14:46+00:00,west_rapti_kusum,3.28,5.40,6.80,0.060,RISING
2026-09-19T08:14:46+00:00,babai_chepang,4.03,6.10,7.40,0.110,RISING
2026-09-19T08:14:46+00:00,karnali_chisapani,6.66,10.00,12.00,-0.040,STEADY
2026-09-19T08:14:46+00:00,kamala_ranibas,2.58,4.50,5.80,0.010,STEADY
2026-09-19T08:14:46+00:00,kankai_mainachuli,2.30,4.20,5.60,-0.010,STEADY
2026-09-19T08:14:46+00:00,hanumante_thimi,2.03,3.50,4.80,0.030,STEADY
2026-09-19T08:14:46+00:00,manohara_jadibuti,2.26,4.00,5.20,-0.020,STEADY
2026-09-19T08:14:46+00:00,dhobikhola_anamnagar,1.74,3.20,4.20,0.090,RISING
2026-09-19T08:14:46+00:00,bishnumati_gongabu,1.91,3.80,5.00,0.070,RISING
2026-09-19T08:14:46+00:00,karmanasa_imadol,1.52,3.00,4.00,-0.050,STEADY
2026-09-19T08:14:46+00:00,bhotekoshi_barhabise,3.30,5.00,6.50,0.110,RISING
2026-09-19T08:14:46+00:00,seti_ramghat,4.30,6.50,8.50,-0.030,STEADY
2026-09-19T12:33:26+00:00,bagmati_balkhu,3.05,5.50,7.00,-0.040,STEADY
2026-09-19T12:33:26+00:00,bagmati_gaurighat,4.02,6.80,8.00,-0.010,STEADY
2026-09-19T12:33:26+00:00,bagmati_sundarijal,2.62,4.50,5.80,0.130,RISING
2026-09-19T12:33:26+00:00,bagmati_chobhar,4.46,7.00,8.50,-0.080,FALLING
2026-09-19T12:33:26+00:00,nakkhu_lele,2.12,4.00,5.20,0.050,STEADY
2026-09-19T12:33:26+00:00,roshi_panauti,2.24,4.20,5.50,-0.070,FALLING
2026-09-19T12:33:26+00:00,koshi_chatara,4.75,6.00,7.50,0.140,RISING
2026-09-19T12:33:26+00:00,narayani_devghat,5.42,7.30,9.00,-0.080,FALLING
2026-09-19T12:33:26+00:00,melamchi_helambu,2.56,4.80,6.00,0.030,STEADY
2026-09-19T12:33:26+00:00,west_rapti_kusum,3.02,5.40,6.80,-0.010,STEADY
2026-09-19T12:33:26+00:00,babai_chepang,3.70,6.10,7.40,-0.060,FALLING
2026-09-19T12:33:26+00:00,karnali_chisapani,6.46,10.00,12.00,0.040,STEADY
2026-09-19T12:33:26+00:00,kamala_ranibas,2.50,4.50,5.80,0.140,RISING
2026-09-19T12:33:26+00:00,kankai_mainachuli,2.06,4.20,5.60,0.080,RISING
2026-09-19T12:33:26+00:00,hanumante_thimi,1.85,3.50,4.80,0.070,RISING
2026-09-19T12:33:26+00:00,manohara_jadibuti,2.19,4.00,5.20,0.040,STEADY
2026-09-19T12:33:26+00:00,dhobikhola_anamnagar,1.50,3.20,4.20,0.010,STEADY
2026-09-19T12:33:26+00:00,bishnumati_gongabu,1.79,3.80,5.00,0.080,RISING
2026-09-19T12:33:26+00:00,karmanasa_imadol,1.23,3.00,4.00,0.080,RISING
2026-09-19T12:33:26+00:00,bhotekoshi_barhabise,3.01,5.00,6.50,-0.050,STEADY
2026-09-19T12:33:26+00:00,seti_ramghat,4.06,6.50,8.50,0.080,RISING
2026-09-19T16:04:57+00:00,bagmati_balkhu,3.19,5.50,7.00,0.070,RISING
2026-09-19T16:04:57+00:00,bagmati_gaurighat,3.98,6.80,8.00,-0.020,STEADY
2026-09-19T16:04:57+00:00,bagmati_sundarijal,2.55,4.50,5.80,-0.010,STEADY
2026-09-19T16:04:57+00:00,bagmati_chobhar,4.49,7.00,8.50,-0.030,STEADY
2026-09-19T16:04:57+00:00,nakkhu_lele,2.10,4.00,5.20,0.030,STEADY
2026-09-19T16:04:57+00:00,roshi_panauti,2.21,4.20,5.50,0.080,RISING
2026-09-19T16:04:57+00:00,koshi_chatara,4.76,6.00,7.50,-0.050,STEADY
2026-09-19T16:04:57+00:00,narayani_devghat,5.34,7.30,9.00,-0.040,STEADY
2026-09-19T16:04:57+00:00,melamchi_helambu,2.69,4.80,6.00,0.140,RISING
2026-09-19T16:04:57+00:00,west_rapti_kusum,3.12,5.40,6.80,-0.100,FALLING
2026-09-19T16:04:57+00:00,babai_chepang,3.72,6.10,7.40,0.140,RISING
2026-09-19T16:04:57+00:00,karnali_chisapani,6.46,10.00,12.00,-0.050,STEADY
2026-09-19T16:04:57+00:00,kamala_ranibas,2.40,4.50,5.80,-0.050,STEADY
2026-09-19T16:04:57+00:00,kankai_mainachuli,2.12,4.20,5.60,0.050,STEADY
2026-09-19T16:04:57+00:00,hanumante_thimi,1.96,3.50,4.80,-0.020,STEADY
2026-09-19T16:04:57+00:00,manohara_jadibuti,2.19,4.00,5.20,-0.020,STEADY
2026-09-19T16:04:57+00:00,dhobikhola_anamnagar,1.56,3.20,4.20,0.060,RISING
2026-09-19T16:04:57+00:00,bishnumati_gongabu,1.83,3.80,5.00,0.140,RISING
2026-09-19T16:04:57+00:00,karmanasa_imadol,1.31,3.00,4.00,0.140,RISING
2026-09-19T16:04:57+00:00,bhotekoshi_barhabise,3.05,5.00,6.50,-0.020,STEADY
2026-09-19T16:04:57+00:00,seti_ramghat,3.96,6.50,8.50,0.090,RISING
2026-09-19T18:37:14+00:00,bagmati_balkhu,3.03,5.50,7.00,0.010,STEADY
2026-09-19T18:37:14+00:00,bagmati_gaurighat,4.07,6.80,8.00,-0.000,STEADY
2026-09-19T18:37:14+00:00,bagmati_sundarijal,2.48,4.50,5.80,0.120,RISING
2026-09-19T18:37:14+00:00,bagmati_chobhar,4.35,7.00,8.50,-0.050,STEADY
2026-09-19T18:37:14+00:00,nakkhu_lele,2.01,4.00,5.20,0.130,RISING
2026-09-19T18:37:14+00:00,roshi_panauti,2.14,4.20,5.50,0.090,RISING
2026-09-19T18:37:14+00:00,koshi_chatara,4.77,6.00,7.50,0.010,STEADY
2026-09-19T18:37:14+00:00,narayani_devghat,5.36,7.30,9.00,0.060,RISING
2026-09-19T18:37:14+00:00,melamchi_helambu,2.61,4.80,6.00,0.110,RISING
2026-09-19T18:37:14+00:00,west_rapti_kusum,3.05,5.40,6.80,0.050,STEADY
2026-09-19T18:37:14+00:00,babai_chepang,3.69,6.10,7.40,-0.050,STEADY
2026-09-19T18:37:14+00:00,karnali_chisapani,6.33,10.00,12.00,0.110,RISING
2026-09-19T18:37:14+00:00,kamala_ranibas,2.44,4.50,5.80,0.110,RISING
2026-09-19T18:37:14+00:00,kankai_mainachuli,2.02,4.20,5.60,-0.020,STEADY
2026-09-19T18:37:14+00:00,hanumante_thimi,1.81,3.50,4.80,0.110,RISING
2026-09-19T18:37:14+00:00,manohara_jadibuti,2.00,4.00,5.20,0.010,STEADY
2026-09-19T18:37:14+00:00,dhobikhola_anamnagar,1.58,3.20,4.20,-0.040,STEADY
2026-09-19T18:37:14+00:00,bishnumati_gongabu,1.74,3.80,5.00,0.080,RISING
2026-09-19T18:37:14+00:00,karmanasa_imadol,1.38,3.00,4.00,0.070,RISING
2026-09-19T18:37:14+00:00,bhotekoshi_barhabise,3.04,5.00,6.50,0.060,RISING
2026-09-19T18:37:14+00:00,seti_ramghat,4.05,6.50,8.50,-0.020,STEADY
2026-09-19T21:03:42+00:00,bagmati_balkhu,3.30,5.50,7.00,0.110,RISING
2026-09-19T21:03:42+00:00,bagmati_gaurighat,4.23,6.80,8.00,-0.090,FALLING
2026-09-19T21:03:42+00:00,bagmati_sundarijal,2.73,4.50,5.80,0.130,RISING
2026-09-19T21:03:42+00:00,bagmati_chobhar,4.70,7.00,8.50,0.040,STEADY
2026-09-19T21:03:42+00:00,nakkhu_lele,2.15,4.00,5.20,0.100,RISING
2026-09-19T21:03:42+00:00,roshi_panauti,2.38,4.20,5.50,0.090,RISING
2026-09-19T21:03:42+00:00,koshi_chatara,4.84,6.00,7.50,0.090,RISING
2026-09-19T21:03:42+00:00,narayani_devghat,5.54,7.30,9.00,0.090,RISING
2026-09-19T21:03:42+00:00,melamchi_helambu,2.78,4.80,6.00,0.020,STEADY
2026-09-19T21:03:42+00:00,west_rapti_kusum,3.17,5.40,6.80,0.050,STEADY
2026-09-19T21:03:42+00:00,babai_chepang,4.00,6.10,7.40,0.070,RISING
2026-09-19T21:03:42+00:00,karnali_chisapani,6.71,10.00,12.00,-0.080,FALLING
2026-09-19T21:03:42+00:00,kamala_ranibas,2.70,4.50,5.80,0.050,STEADY
2026-09-19T21:03:42+00:00,kankai_mainachuli,2.30,4.20,5.60,-0.060,FALLING
2026-09-19T21:03:42+00:00,hanumante_thimi,2.09,3.50,4.80,0.070,RISING
2026-09-19T21:03:42+00:00,manohara_jadibuti,2.36,4.00,5.20,0.100,RISING
2026-09-19T21:03:42+00:00,dhobikhola_anamnagar,1.82,3.20,4.20,0.070,RISING
2026-09-19T21:03:42+00:00,bishnumati_gongabu,2.00,3.80,5.00,-0.020,STEADY
2026-09-19T21:03:42+00:00,karmanasa_imadol,1.62,3.00,4.00,-0.070,FALLING
2026-09-19T21:03:42+00:00,bhotekoshi_barhabise,3.30,5.00,6.50,0.020,STEADY
2026-09-19T21:03:42+00:00,seti_ramghat,4.20,6.50,8.50,0.080,RISING
2026-09-19T23:05:47+00:00,bagmati_balkhu,3.00,5.50,7.00,0.130,RISING
2026-09-19T23:05:47+00:00,bagmati_gaurighat,3.95,6.80,8.00,-0.080,FALLING
2026-09-19T23:05:47+00:00,bagmati_sundarijal,2.37,4.50,5.80,-0.090,FALLING
2026-09-19T23:05:47+00:00,bagmati_chobhar,4.43,7.00,8.50,0.070,RISING
2026-09-19T23:05:47+00:00,nakkhu_lele,1.95,4.00,5.20,0.070,RISING
2026-09-19T23:05:47+00:00,roshi_panauti,2.15,4.20,5.50,0.100,RISING
2026-09-19T23:05:47+00:00,koshi_chatara,4.62,6.00,7.50,-0.020,STEADY
2026-09-19T23:05:47+00:00,narayani_devghat,5.36,7.30,9.00,0.010,STEADY
2026-09-19T23:05:47+00:00,melamchi_helambu,2.52,4.80,6.00,0.130,RISING
2026-09-19T23:05:47+00:00,west_rapti_kusum,2.93,5.40,6.80,-0.070,FALLING
2026-09-19T23:05:47+00:00,babai_chepang,3.77,6.10,7.40,0.140,RISING
2026-09-19T23:05:47+00:00,karnali_chisapani,6.41,10.00,12.00,-0.070,FALLING
2026-09-19T23:05:47+00:00,kamala_ranibas,2.33,4.50,5.80,0.030,STEADY
2026-09-19T23:05:47+00:00,kankai_mainachuli,2.00,4.20,5.60,0.150,RISING
2026-09-19T23:05:47+00:00,hanumante_thimi,1.82,3.50,4.80,-0.080,FALLING
2026-09-19T23:05:47+00:00,manohara_jadibuti,2.06,4.00,5.20,-0.020,STEADY
2026-09-19T23:05:47+00:00,dhobikhola_anamnagar,1.54,3.20,4.20,0.080,RISING
2026-09-19T23:05:47+00:00,bishnumati_gongabu,1.59,3.80,5.00,0.120,RISING
2026-09-19T23:05:47+00:00,karmanasa_imadol,1.30,3.00,4.00,0.100,RISING
2026-09-19T23:05:47+00:00,bhotekoshi_barhabise,3.02,5.00,6.50,0.070,RISING
2026-09-19T23:05:47+00:00,seti_ramghat,4.06,6.50,8.50,-0.080,FALLING
2026-09-20T01:09:59+00:00,bagmati_balkhu,3.36,5.50,7.00,-0.060,FALLING
2026-09-20T01:09:59+00:00,bagmati_gaurighat,4.28,6.80,8.00,-0.030,STEADY
2026-09-20T01:09:59+00:00,bagmati_sundarijal,2.75,4.50,5.80,0.050,STEADY
2026-09-20T01:09:59+00:00,bagmati_chobhar,4.60,7.00,8.50,-0.060,FALLING
2026-09-20T01:09:59+00:00,nakkhu_lele,2.23,4.00,5.20,0.090,RISING
2026-09-20T01:09:59+00:00,roshi_panauti,2.50,4.20,5.50,-0.050,STEADY
2026-09-20T01:09:59+00:00,koshi_chatara,4.92,6.00,7.50,0.140,RISING
2026-09-20T01:09:59+00:00,narayani_devghat,5.47,7.30,9.00,-0.030,STEADY
2026-09-20T01:09:59+00:00,melamchi_helambu,2.83,4.80,6.00,0.040,STEADY
2026-09-20T01:09:59+00:00,west_rapti_kusum,3.26,5.40,6.80,0.130,RISING
2026-09-20T01:09:59+00:00,babai_chepang,4.02,6.10,7.40,-0.050,STEADY
2026-09-20T01:09:59+00:00,karnali_chisapani,6.68,10.00,12.00,-0.050,STEADY
2026-09-20T01:09:59+00:00,kamala_ranibas,2.57,4.50,5.80,0.030,STEADY
2026-09-20T01:09:59+00:00,kankai_mainachuli,2.37,4.20,5.60,0.010,STEADY
2026-09-20T01:09:59+00:00,hanumante_thimi,2.11,3.50,4.80,0.120,RISING
2026-09-20T01:09:59+00:00,manohara_jadibuti,2.26,4.00,5.20,0.010,STEADY
2026-09-20T01:09:59+00:00,dhobikhola_anamnagar,1.64,3.20,4.20,0.010,STEADY
2026-09-20T01:09:59+00:00,bishnumati_gongabu,1.87,3.80,5.00,-0.020,STEADY
2026-09-20T01:09:59+00:00,karmanasa_imadol,1.45,3.00,4.00,0.120,RISING
2026-09-20T01:09:59+00:00,bhotekoshi_barhabise,3.32,5.00,6.50,-0.080,FALLING
2026-09-20T01:09:59+00:00,seti_ramghat,4.13,6.50,8.50,0.040,STEADY
2026-09-20T06:17:22+00:00,bagmati_balkhu,3.08,5.50,7.00,-0.020,STEADY
2026-09-20T06:17:22+00:00,bagmati_gaurighat,4.05,6.80,8.00,-0.020,STEADY
2026-09-20T06:17:22+00:00,bagmati_sundarijal,2.54,4.50,5.80,0.120,RISING
2026-09-20T06:17:22+00:00,bagmati_chobhar,4.43,7.00,8.50,-0.040,STEADY
2026-09-20T06:17:22+00:00,nakkhu_lele,1.98,4.00,5.20,0.030,STEADY
2026-09-20T06:17:22+00:00,roshi_panauti,2.26,4.20,5.50,-0.020,STEADY
2026-09-20T06:17:22+00:00,koshi_chatara,4.66,6.00,7.50,0.080,RISING
2026-09-20T06:17:22+00:00,narayani_devghat,5.36,7.30,9.00,-0.030,STEADY
2026-09-20T06:17:22+00:00,melamchi_helambu,2.67,4.80,6.00,0.070,RISING
2026-09-20T06:17:22+00:00,west_rapti_kusum,3.14,5.40,6.80,0.100,RISING
2026-09-20T06:17:22+00:00,babai_chepang,3.66,6.10,7.40,0.100,RISING
2026-09-20T06:17:22+00:00,karnali_chisapani,6.37,10.00,12.00,-0.000,STEADY
2026-09-20T06:17:22+00:00,kamala_ranibas,2.54,4.50,5.80,-0.050,STEADY
2026-09-20T06:17:22+00:00,kankai_mainachuli,2.16,4.20,5.60,-0.100,FALLING
2026-09-20T06:17:22+00:00,hanumante_thimi,1.90,3.50,4.80,0.100,RISING
2026-09-20T06:17:22+00:00,manohara_jadibuti,2.13,4.00,5.20,0.020,STEADY
2026-09-20T06:17:22+00:00,dhobikhola_anamnagar,1.51,3.20,4.20,0.120,RISING
2026-09-20T06:17:22+00:00,bishnumati_gongabu,1.80,3.80,5.00,0.060,RISING
2026-09-20T06:17:22+00:00,karmanasa_imadol,1.27,3.00,4.00,0.030,STEADY
2026-09-20T06:17:22+00:00,bhotekoshi_barhabise,3.13,5.00,6.50,-0.080,FALLING
2026-09-20T06:17:22+00:00,seti_ramghat,3.98,6.50,8.50,-0.030,STEADY
2026-09-20T11:43:21+00:00,bagmati_balkhu,3.07,5.50,7.00,0.090,RISING
2026-09-20T11:43:21+00:00,bagmati_gaurighat,4.02,6.80,8.00,-0.090,FALLING
2026-09-20T11:43:21+00:00,bagmati_sundarijal,2.48,4.50,5.80,0.130,RISING
2026-09-20T11:43:21+00:00,bagmati_chobhar,4.36,7.00,8.50,0.070,RISING
2026-09-20T11:43:21+00:00,nakkhu_lele,1.96,4.00,5.20,0.110,RISING
2026-09-20T11:43:21+00:00,roshi_panauti,2.12,4.20,5.50,0.130,RISING
2026-09-20T11:43:21+00:00,koshi_chatara,4.70,6.00,7.50,0.120,RISING
2026-09-20T11:43:21+00:00,narayani_devghat,5.17,7.30,9.00,0.010,STEADY
2026-09-20T11:43:21+00:00,melamchi_helambu,2.47,4.80,6.00,-0.000,STEADY
2026-09-20T11:43:21+00:00,west_rapti_kusum,3.03,5.40,6.80,0.030,STEADY
2026-09-20T11:43:21+00:00,babai_chepang,3.65,6.10,7.40,-0.020,STEADY
2026-09-20T11:43:21+00:00,karnali_chisapani,6.45,10.00,12.00,-0.030,STEADY
2026-09-20T11:43:21+00:00,kamala_ranibas,2.45,4.50,5.80,-0.040,STEADY
2026-09-20T11:43:21+00:00,kankai_mainachuli,1.96,4.20,5.60,0.150,RISING
2026-09-20T11:43:21+00:00,hanumante_thimi,1.85,3.50,4.80,0.050,STEADY
2026-09-20T11:43:21+00:00,manohara_jadibuti,1.97,4.00,5.20,-0.050,STEADY
2026-09-20T11:43:21+00:00,dhobikhola_anamnagar,1.41,3.20,4.20,0.080,RISING
2026-09-20T11:43:21+00:00,bishnumati_gongabu,1.74,3.80,5.00,-0.020,STEADY
2026-09-20T11:43:21+00:00,karmanasa_imadol,1.25,3.00,4.00,0.020,STEADY
2026-09-20T11:43:21+00:00,bhotekoshi_barhabise,2.91,5.00,6.50,0.010,STEADY
2026-09-20T11:43:21+00:00,seti_ramghat,3.88,6.50,8.50,0.080,RISING
2026-09-20T14:53:44+00:00,bagmati_balkhu,3.44,5.50,7.00,0.090,RISING
2026-09-20T14:53:44+00:00,bagmati_gaurighat,4.23,6.80,8.00,0.120,RISING
2026-09-20T14:53:44+00:00,bagmati_sundarijal,2.80,4.50,5.80,-0.080,FALLING
2026-09-20T14:53:44+00:00,bagmati_chobhar,4.74,7.00,8.50,-0.070,FALLING
2026-09-20T14:53:44+00:00,nakkhu_lele,2.31,4.00,5.20,0.100,RISING
2026-09-20T14:53:44+00:00,roshi_panauti,2.44,4.20,5.50,-0.060,FALLING
2026-09-20T14:53:44+00:00,koshi_chatara,4.86,6.00,7.50,-0.090,FALLING
2026-09-20T14:53:44+00:00,narayani_devghat,5.50,7.30,9.00,0.010,STEADY
2026-09-20T14:53:44+00:00,melamchi_helambu,2.90,4.80,6.00,-0.020,STEADY
2026-09-20T14:53:44+00:00,west_rapti_kusum,3.28,5.40,6.80,0.040,STEADY
2026-09-20T14:53:44+00:00,babai_chepang,4.01,6.10,7.40,0.040,STEADY
2026-09-20T14:53:44+00:00,karnali_chisapani,6.69,10.00,12.00,-0.060,FALLING
2026-09-20T14:53:44+00:00,kamala_ranibas,2.68,4.50,5.80,0.010,STEADY
2026-09-20T14:53:44+00:00,kankai_mainachuli,2.29,4.20,5.60,0.050,STEADY
2026-09-20T14:53:44+00:00,hanumante_thimi,2.06,3.50,4.80,-0.050,STEADY
2026-09-20T14:53:44+00:00,manohara_jadibuti,2.38,4.00,5.20,-0.070,FALLING
2026-09-20T14:53:44+00:00,dhobikhola_anamnagar,1.80,3.20,4.20,-0.050,STEADY
2026-09-20T14:53:44+00:00,bishnumati_gongabu,1.92,3.80,5.00,0.010,STEADY
2026-09-20T14:53:44+00:00,karmanasa_imadol,1.51,3.00,4.00,-0.080,FALLING
2026-09-20T14:53:44+00:00,bhotekoshi_barhabise,3.18,5.00,6.50,-0.060,FALLING
2026-09-20T14:53:44+00:00,seti_ramghat,4.32,6.50,8.50,0.050,STEADY
2026-09-20T18:01:17+00:00,bagmati_balkhu,3.16,5.50,7.00,-0.080,FALLING
2026-09-20T18:01:17+00:00,bagmati_gaurighat,4.07,6.80,8.00,-0.010,STEADY
2026-09-20T18:01:17+00:00,bagmati_sundarijal,2.42,4.50,5.80,0.110,RISING
2026-09-20T18:01:17+00:00,bagmati_chobhar,4.39,7.00,8.50,-0.040,STEADY
2026-09-20T18:01:17+00:00,nakkhu_lele,2.06,4.00,5.20,0.100,RISING
2026-09-20T18:01:17+00:00,roshi_panauti,2.09,4.20,5.50,0.120,RISING
2026-09-20T18:01:17+00:00,koshi_chatara,4.72,6.00,7.50,-0.070,FALLING
2026-09-20T18:01:17+00:00,narayani_devghat,5.37,7.30,9.00,0.140,RISING
2026-09-20T18:01:17+00:00,melamchi_helambu,2.64,4.80,6.00,-0.080,FALLING
2026-09-20T18:01:17+00:00,west_rapti_kusum,2.93,5.40,6.80,0.050,STEADY
2026-09-20T18:01:17+00:00,babai_chepang,3.72,6.10,7.40,0.060,RISING
2026-09-20T18:01:17+00:00,karnali_chisapani,6.31,10.00,12.00,0.150,RISING
2026-09-20T18:01:17+00:00,kamala_ranibas,2.48,4.50,5.80,-0.060,FALLING
2026-09-20T18:01:17+00:00,kankai_mainachuli,2.17,4.20,5.60,0.130,RISING
2026-09-20T18:01:17+00:00,hanumante_thimi,1.77,3.50,4.80,-0.030,STEADY
2026-09-20T18:01:17+00:00,manohara_jadibuti,2.04,4.00,5.20,0.100,RISING
2026-09-20T18:01:17+00:00,dhobikhola_anamnagar,1.47,3.20,4.20,-0.050,STEADY
2026-09-20T18:01:17+00:00,bishnumati_gongabu,1.61,3.80,5.00,-0.020,STEADY
2026-09-20T18:01:17+00:00,karmanasa_imadol,1.21,3.00,4.00,-0.010,STEADY
2026-09-20T18:01:17+00:00,bhotekoshi_barhabise,3.03,5.00,6.50,-0.060,FALLING
2026-09-20T18:01:17+00:00,seti_ramghat,4.08,6.50,8.50,-0.040,STEADY
2026-09-20T20:49:43+00:00,bagmati_balkhu,3.43,5.50,7.00,0.020,STEADY
2026-09-20T20:49:43+00:00,bagmati_gaurighat,4.21,6.80,8.00,-0.010,STEADY
2026-09-20T20:49:43+00:00,bagmati_sundarijal,2.69,4.50,5.80,0.050,STEADY
2026-09-20T20:49:43+00:00,bagmati_chobhar,4.54,7.00,8.50,-0.070,FALLING
2026-09-20T20:49:43+00:00,nakkhu_lele,2.26,4.00,5.20,0.060,RISING
2026-09-20T20:49:43+00:00,roshi_panauti,2.43,4.20,5.50,0.020,STEADY
2026-09-20T20:49:43+00:00,koshi_chatara,4.92,6.00,7.50,0.020,STEADY
2026-09-20T20:49:43+00:00,narayani_devghat,5.48,7.30,9.00,0.020,STEADY
2026-09-20T20:49:43+00:00,melamchi_helambu,2.75,4.80,6.00,0.070,RISING
2026-09-20T20:49:43+00:00,west_rapti_kusum,3.27,5.40,6.80,-0.090,FALLING
2026-09-20T20:49:43+00:00,babai_chepang,4.01,6.10,7.40,-0.080,FALLING
2026-09-20T20:49:43+00:00,karnali_chisapani,6.73,10.00,12.00,0.020,STEADY
2026-09-20T20:49:43+00:00,kamala_ranibas,2.59,4.50,5.80,0.050,STEADY
2026-09-20T20:49:43+00:00,kankai_mainachuli,2.32,4.20,5.60,0.080,RISING
2026-09-20T20:49:43+00:00,hanumante_thimi,1.96,3.50,4.80,0.150,RISING
2026-09-20T20:49:43+00:00,manohara_jadibuti,2.25,4.00,5.20,-0.040,STEADY
2026-09-20T20:49:43+00:00,dhobikhola_anamnagar,1.64,3.20,4.20,0.140,RISING
2026-09-20T20:49:43+00:00,bishnumati_gongabu,1.94,3.80,5.00,-0.100,FALLING
2026-09-20T20:49:43+00:00,karmanasa_imadol,1.51,3.00,4.00,0.100,RISING
2026-09-20T20:49:43+00:00,bhotekoshi_barhabise,3.19,5.00,6.50,-0.050,STEADY
2026-09-20T20:49:43+00:00,seti_ramghat,4.17,6.50,8.50,0.070,RISING
2026-09-20T23:02:09+00:00,bagmati_balkhu,3.14,5.50,7.00,-0.040,STEADY
2026-09-20T23:02:09+00:00,bagmati_gaurighat,3.96,6.80,8.00,0.130,RISING
2026-09-20T23:02:09+00:00,bagmati_sundarijal,2.42,4.50,5.80,0.130,RISING
2026-09-20T23:02:09+00:00,bagmati_chobhar,4.34,7.00,8.50,-0.090,FALLING
2026-09-20T23:02:09+00:00,nakkhu_lele,1.94,4.00,5.20,0.020,STEADY
2026-09-20T23:02:09+00:00,roshi_panauti,2.09,4.20,5.50,0.050,STEADY
2026-09-20T23:02:09+00:00,koshi_chatara,4.76,6.00,7.50,-0.080,FALLING
2026-09-20T23:02:09+00:00,narayani_devghat,5.25,7.30,9.00,0.030,STEADY
2026-09-20T23:02:09+00:00,melamchi_helambu,2.61,4.80,6.00,-0.060,FALLING
2026-09-20T23:02:09+00:00,west_rapti_kusum,2.90,5.40,6.80,0.150,RISING
2026-09-20T23:02:09+00:00,babai_chepang,3.63,6.10,7.40,-0.010,STEADY
2026-09-20T23:02:09+00:00,karnali_chisapani,6.45,10.00,12.00,0.100,RISING
2026-09-20T23:02:09+00:00,kamala_ranibas,2.34,4.50,5.80,0.150,RISING
2026-09-20T23:02:09+00:00,kankai_mainachuli,2.03,4.20,5.60,-0.020,STEADY
2026-09-20T23:02:09+00:00,hanumante_thimi,1.68,3.50,4.80,-0.010,STEADY
2026-09-20T23:02:09+00:00,manohara_jadibuti,2.04,4.00,5.20,0.040,STEADY
2026-09-20T23:02:09+00:00,dhobikhola_anamnagar,1.38,3.20,4.20,0.130,RISING
2026-09-20T23:02:09+00:00,bishnumati_gongabu,1.58,3.80,5.00,0.050,STEADY
2026-09-20T23:02:09+00:00,karmanasa_imadol,1.33,3.00,4.00,-0.060,FALLING
2026-09-20T23:02:09+00:00,bhotekoshi_barhabise,3.05,5.00,6.50,-0.100,FALLING
2026-09-20T23:02:09+00:00,seti_ramghat,3.95,6.50,8.50,0.150,RISING
2026-09-21T01:05:42+00:00,bagmati_balkhu,3.35,5.50,7.00,-0.030,STEADY
2026-09-21T01:05:42+00:00,bagmati_gaurighat,4.17,6.80,8.00,0.030,STEADY
2026-09-21T01:05:42+00:00,bagmati_sundarijal,2.73,4.50,5.80,0.140,RISING
2026-09-21T01:05:42+00:00,bagmati_chobhar,4.70,7.00,8.50,-0.010,STEADY
2026-09-21T01:05:42+00:00,nakkhu_lele,2.29,4.00,5.20,0.110,RISING
2026-09-21T01:05:42+00:00,roshi_panauti,2.33,4.20,5.50,0.070,RISING
2026-09-21T01:05:42+00:00,koshi_chatara,4.87,6.00,7.50,0.050,STEADY
2026-09-21T01:05:42+00:00,narayani_devghat,5.58,7.30,9.00,-0.100,FALLING
2026-09-21T01:05:42+00:00,melamchi_helambu,2.74,4.80,6.00,-0.030,STEADY
2026-09-21T01:05:42+00:00,west_rapti_kusum,3.17,5.40,6.80,0.140,RISING
2026-09-21T01:05:42+00:00,babai_chepang,3.91,6.10,7.40,-0.060,FALLING
2026-09-21T01:05:42+00:00,karnali_chisapani,6.58,10.00,12.00,0.070,RISING
2026-09-21T01:05:42+00:00,kamala_ranibas,2.65,4.50,5.80,-0.030,STEADY
2026-09-21T01:05:42+00:00,kankai_mainachuli,2.36,4.20,5.60,0.090,RISING
2026-09-21T01:05:42+00:00,hanumante_thimi,2.10,3.50,4.80,0.110,RISING
2026-09-21T01:05:42+00:00,manohara_jadibuti,2.37,4.00,5.20,0.080,RISING
2026-09-21T01:05:42+00:00,dhobikhola_anamnagar,1.77,3.20,4.20,0.070,RISING
2026-09-21T01:05:42+00:00,bishnumati_gongabu,2.01,3.80,5.00,-0.090,FALLING
2026-09-21T01:05:42+00:00,karmanasa_imadol,1.57,3.00,4.00,0.140,RISING
2026-09-21T01:05:42+00:00,bhotekoshi_barhabise,3.30,5.00,6.50,-0.030,STEADY
2026-09-21T01:05:42+00:00,seti_ramghat,4.15,6.50,8.50,-0.040,STEADY
2026-09-21T06:21:39+00:00,bagmati_balkhu,3.20,5.50,7.00,0.010,STEADY
2026-09-21T06:21:39+00:00,bagmati_gaurighat,4.02,6.80,8.00,-0.080,FALLING
2026-09-21T06:21:39+00:00,bagmati_sundarijal,2.62,4.50,5.80,0.090,RISING
2026-09-21T06:21:39+00:00,bagmati_chobhar,4.39,7.00,8.50,0.040,STEADY
2026-09-21T06:21:39+00:00,nakkhu_lele,2.03,4.00,5.20,0.090,RISING
2026-09-21T06:21:39+00:00,roshi_panauti,2.17,4.20,5.50,0.100,RISING
2026-09-21T06:21:39+00:00,koshi_chatara,4.84,6.00,7.50,-0.060,FALLING
2026-09-21T06:21:39+00:00,narayani_devghat,5.45,7.30,9.00,-0.020,STEADY
2026-09-21T06:21:39+00:00,melamchi_helambu,2.61,4.80,6.00,0.110,RISING
2026-09-21T06:21:39+00:00,west_rapti_kusum,3.09,5.40,6.80,-0.050,STEADY
2026-09-21T06:21:39+00:00,babai_chepang,3.66,6.10,7.40,-0.050,STEADY
2026-09-21T06:21:39+00:00,karnali_chisapani,6.43,10.00,12.00,-0.080,FALLING
2026-09-21T06:21:39+00:00,kamala_ranibas,2.42,4.50,5.80,0.070,RISING
2026-09-21T06:21:39+00:00,kankai_mainachuli,2.07,4.20,5.60,0.040,STEADY
2026-09-21T06:21:39+00:00,hanumante_thimi,1.86,3.50,4.80,0.090,RISING
2026-09-21T06:21:39+00:00,manohara_jadibuti,2.11,4.00,5.20,-0.020,STEADY
2026-09-21T06:21:39+00:00,dhobikhola_anamnagar,1.55,3.20,4.20,0.050,STEADY
2026-09-21T06:21:39+00:00,bishnumati_gongabu,1.75,3.80,5.00,0.050,STEADY
2026-09-21T06:21:39+00:00,karmanasa_imadol,1.33,3.00,4.00,0.150,RISING
2026-09-21T06:21:39+00:00,bhotekoshi_barhabise,3.11,5.00,6.50,0.110,RISING
2026-09-21T06:21:39+00:00,seti_ramghat,4.03,6.50,8.50,0.140,RISING
2026-09-21T13:10:10+00:00,bagmati_balkhu,3.31,5.50,7.00,-0.040,STEADY
2026-09-21T13:10:10+00:00,bagmati_gaurighat,4.19,6.80,8.00,0.060,RISING
2026-09-21T13:10:10+00:00,bagmati_sundarijal,2.69,4.50,5.80,-0.060,FALLING
2026-09-21T13:10:10+00:00,bagmati_chobhar,4.62,7.00,8.50,0.080,RISING
2026-09-21T13:10:10+00:00,nakkhu_lele,2.19,4.00,5.20,0.040,STEADY
2026-09-21T13:10:10+00:00,roshi_panauti,2.44,4.20,5.50,-0.090,FALLING
2026-09-21T13:10:10+00:00,koshi_chatara,4.95,6.00,7.50,0.020,STEADY
2026-09-21T13:10:10+00:00,narayani_devghat,5.53,7.30,9.00,0.060,RISING
2026-09-21T13:10:10+00:00,melamchi_helambu,2.72,4.80,6.00,0.080,RISING
2026-09-21T13:10:10+00:00,west_rapti_kusum,3.12,5.40,6.80,-0.040,STEADY
2026-09-21T13:10:10+00:00,babai_chepang,3.89,6.10,7.40,0.060,RISING
2026-09-21T13:10:10+00:00,karnali_chisapani,6.47,10.00,12.00,-0.030,STEADY
2026-09-21T13:10:10+00:00,kamala_ranibas,2.50,4.50,5.80,0.100,RISING
2026-09-21T13:10:10+00:00,kankai_mainachuli,2.24,4.20,5.60,-0.030,STEADY
2026-09-21T13:10:10+00:00,hanumante_thimi,2.04,3.50,4.80,0.130,RISING
2026-09-21T13:10:10+00:00,manohara_jadibuti,2.19,4.00,5.20,-0.080,FALLING
2026-09-21T13:10:10+00:00,dhobikhola_anamnagar,1.57,3.20,4.20,0.010,STEADY
2026-09-21T13:10:10+00:00,bishnumati_gongabu,1.84,3.80,5.00,-0.100,FALLING
2026-09-21T13:10:10+00:00,karmanasa_imadol,1.56,3.00,4.00,0.060,RISING
2026-09-21T13:10:10+00:00,bhotekoshi_barhabise,3.10,5.00,6.50,0.040,STEADY
2026-09-21T13:10:10+00:00,seti_ramghat,4.22,6.50,8.50,0.030,STEADY
2026-09-21T18:42:46+00:00,bagmati_balkhu,3.04,5.50,7.00,0.070,RISING
2026-09-21T18:42:46+00:00,bagmati_gaurighat,3.97,6.80,8.00,-0.080,FALLING
2026-09-21T18:42:46+00:00,bagmati_sundarijal,2.47,4.50,5.80,0.040,STEADY
2026-09-21T18:42:46+00:00,bagmati_chobhar,4.44,7.00,8.50,-0.070,FALLING
2026-09-21T18:42:46+00:00,nakkhu_lele,1.96,4.00,5.20,-0.070,FALLING
2026-09-21T18:42:46+00:00,roshi_panauti,2.24,4.20,5.50,0.060,RISING
2026-09-21T18:42:46+00:00,koshi_chatara,4.76,6.00,7.50,0.070,RISING
2026-09-21T18:42:46+00:00,narayani_devghat,5.37,7.30,9.00,-0.040,STEADY
2026-09-21T18:42:46+00:00,melamchi_helambu,2.61,4.80,6.00,0.080,RISING
2026-09-21T18:42:46+00:00,west_rapti_kusum,2.93,5.40,6.80,-0.090,FALLING
2026-09-21T18:42:46+00:00,babai_chepang,3.76,6.10,7.40,0.120,RISING
2026-09-21T18:42:46+00:00,karnali_chisapani,6.46,10.00,12.00,0.130,RISING
2026-09-21T18:42:46+00:00,kamala_ranibas,2.35,4.50,5.80,0.140,RISING
2026-09-21T18:42:46+00:00,kankai_mainachuli,2.06,4.20,5.60,-0.010,STEADY
2026-09-21T18:42:46+00:00,hanumante_thimi,1.88,3.50,4.80,0.070,RISING
2026-09-21T18:42:46+00:00,manohara_jadibuti,2.05,4.00,5.20,0.020,STEADY
2026-09-21T18:42:46+00:00,dhobikhola_anamnagar,1.52,3.20,4.20,-0.090,FALLING
2026-09-21T18:42:46+00:00,bishnumati_gongabu,1.71,3.80,5.00,0.140,RISING
2026-09-21T18:42:46+00:00,karmanasa_imadol,1.37,3.00,4.00,-0.010,STEADY
2026-09-21T18:42:46+00:00,bhotekoshi_barhabise,3.00,5.00,6.50,0.080,RISING
2026-09-21T18:42:46+00:00,seti_ramghat,3.89,6.50,8.50,-0.040,STEADY
2026-09-21T22:17:03+00:00,bagmati_balkhu,3.21,5.50,7.00,-0.080,FALLING
2026-09-21T22:17:03+00:00,bagmati_gaurighat,4.08,6.80,8.00,0.000,STEADY
2026-09-21T22:17:03+00:00,bagmati_sundarijal,2.56,4.50,5.80,-0.090,FALLING
2026-09-21T22:17:03+00:00,bagmati_chobhar,4.59,7.00,8.50,-0.090,FALLING
2026-09-21T22:17:03+00:00,nakkhu_lele,2.04,4.00,5.20,-0.030,STEADY
2026-09-21T22:17:03+00:00,roshi_panauti,2.30,4.20,5.50,0.060,RISING
2026-09-21T22:17:03+00:00,koshi_chatara,4.72,6.00,7.50,0.080,RISING
2026-09-21T22:17:03+00:00,narayani_devghat,5.32,7.30,9.00,0.030,STEADY
2026-09-21T22:17:03+00:00,melamchi_helambu,2.61,4.80,6.00,-0.060,FALLING
2026-09-21T22:17:03+00:00,west_rapti_kusum,3.00,5.40,6.80,0.150,RISING
2026-09-21T22:17:03+00:00,babai_chepang,3.74,6.10,7.40,0.060,RISING
2026-09-21T22:17:03+00:00,karnali_chisapani,6.60,10.00,12.00,0.000,STEADY
2026-09-21T22:17:03+00:00,kamala_ranibas,2.44,4.50,5.80,0.110,RISING
2026-09-21T22:17:03+00:00,kankai_mainachuli,2.28,4.20,5.60,0.000,STEADY
2026-09-21T22:17:03+00:00,hanumante_thimi,1.99,3.50,4.80,0.140,RISING
2026-09-21T22:17:03+00:00,manohara_jadibuti,2.28,4.00,5.20,0.010,STEADY
2026-09-21T22:17:03+00:00,dhobikhola_anamnagar,1.66,3.20,4.20,0.140,RISING
2026-09-21T22:17:03+00:00,bishnumati_gongabu,1.87,3.80,5.00,0.070,RISING
2026-09-21T22:17:03+00:00,karmanasa_imadol,1.40,3.00,4.00,-0.000,STEADY
2026-09-21T22:17:03+00:00,bhotekoshi_barhabise,3.06,5.00,6.50,0.020,STEADY
2026-09-21T22:17:03+00:00,seti_ramghat,4.17,6.50,8.50,0.060,RISING
2026-09-22T01:01:22+00:00,bagmati_balkhu,3.28,5.50,7.00,-0.040,STEADY
2026-09-22T01:01:22+00:00,bagmati_gaurighat,4.16,6.80,8.00,0.120,RISING
2026-09-22T01:01:22+00:00,bagmati_sundarijal,2.78,4.50,5.80,-0.060,FALLING
2026-09-22T01:01:22+00:00,bagmati_chobhar,4.63,7.00,8.50,-0.090,FALLING
2026-09-22T01:01:22+00:00,nakkhu_lele,2.18,4.00,5.20,-0.090,FALLING
2026-09-22T01:01:22+00:00,roshi_panauti,2.39,4.20,5.50,0.050,STEADY
2026-09-22T01:01:22+00:00,koshi_chatara,4.88,6.00,7.50,-0.090,FALLING
2026-09-22T01:01:22+00:00,narayani_devghat,5.46,7.30,9.00,0.060,RISING
2026-09-22T01:01:22+00:00,melamchi_helambu,2.85,4.80,6.00,0.070,RISING
2026-09-22T01:01:22+00:00,west_rapti_kusum,3.32,5.40,6.80,0.080,RISING
2026-09-22T01:01:22+00:00,babai_chepang,3.85,6.10,7.40,0.150,RISING
2026-09-22T01:01:22+00:00,karnali_chisapani,6.59,10.00,12.00,-0.000,STEADY
2026-09-22T01:01:22+00:00,kamala_ranibas,2.67,4.50,5.80,-0.070,FALLING
2026-09-22T01:01:22+00:00,kankai_mainachuli,2.30,4.20,5.60,-0.100,FALLING
2026-09-22T01:01:22+00:00,hanumante_thimi,1.99,3.50,4.80,0.090,RISING
2026-09-22T01:01:22+00:00,manohara_jadibuti,2.28,4.00,5.20,0.060,RISING
2026-09-22T01:01:22+00:00,dhobikhola_anamnagar,1.63,3.20,4.20,-0.050,STEADY
2026-09-22T01:01:22+00:00,bishnumati_gongabu,1.86,3.80,5.00,0.030,STEADY
2026-09-22T01:01:22+00:00,karmanasa_imadol,1.46,3.00,4.00,-0.030,STEADY
2026-09-22T01:01:22+00:00,bhotekoshi_barhabise,3.30,5.00,6.50,0.090,RISING
2026-09-22T01:01:22+00:00,seti_ramghat,4.13,6.50,8.50,0.110,RISING
2026-09-22T06:14:13+00:00,bagmati_balkhu,3.20,5.50,7.00,0.110,RISING
2026-09-22T06:14:13+00:00,bagmati_gaurighat,4.04,6.80,8.00,-0.010,STEADY
2026-09-22T06:14:13+00:00,bagmati_sundarijal,2.61,4.50,5.80,-0.040,STEADY
2026-09-22T06:14:13+00:00,bagmati_chobhar,4.50,7.00,8.50,0.100,RISING
2026-09-22T06:14:13+00:00,nakkhu_lele,2.06,4.00,5.20,-0.090,FALLING
2026-09-22T06:14:13+00:00,roshi_panauti,2.27,4.20,5.50,0.000,STEADY
2026-09-22T06:14:13+00:00,koshi_chatara,4.68,6.00,7.50,0.050,STEADY
2026-09-22T06:14:13+00:00,narayani_devghat,5.36,7.30,9.00,0.130,RISING
2026-09-22T06:14:13+00:00,melamchi_helambu,2.65,4.80,6.00,0.050,STEADY
2026-09-22T06:14:13+00:00,west_rapti_kusum,3.12,5.40,6.80,0.080,RISING
2026-09-22T06:14:13+00:00,babai_chepang,3.82,6.10,7.40,-0.000,STEADY
2026-09-22T06:14:13+00:00,karnali_chisapani,6.37,10.00,12.00,-0.080,FALLING
2026-09-22T06:14:13+00:00,kamala_ranibas,2.50,4.50,5.80,0.030,STEADY
2026-09-22T06:14:13+00:00,kankai_mainachuli,2.08,4.20,5.60,0.030,STEADY
2026-09-22T06:14:13+00:00,hanumante_thimi,1.91,3.50,4.80,0.130,RISING
2026-09-22T06:14:13+00:00,manohara_jadibuti,2.24,4.00,5.20,0.130,RISING
2026-09-22T06:14:13+00:00,dhobikhola_anamnagar,1.48,3.20,4.20,0.030,STEADY
2026-09-22T06:14:13+00:00,bishnumati_gongabu,1.73,3.80,5.00,-0.060,FALLING
2026-09-22T06:14:13+00:00,karmanasa_imadol,1.40,3.00,4.00,-0.000,STEADY
2026-09-22T06:14:13+00:00,bhotekoshi_barhabise,3.00,5.00,6.50,-0.040,STEADY
2026-09-22T06:14:13+00:00,seti_ramghat,4.06,6.50,8.50,-0.030,STEADY
2026-09-22T11:46:47+00:00,bagmati_balkhu,2.99,5.50,7.00,0.110,RISING
2026-09-22T11:46:47+00:00,bagmati_gaurighat,3.93,6.80,8.00,0.110,RISING
2026-09-22T11:46:47+00:00,bagmati_sundarijal,2.46,4.50,5.80,-0.000,STEADY
2026-09-22T11:46:47+00:00,bagmati_chobhar,4.26,7.00,8.50,-0.030,STEADY
2026-09-22T11:46:47+00:00,nakkhu_lele,1.87,4.00,5.20,-0.020,STEADY
2026-09-22T11:46:47+00:00,roshi_panauti,2.23,4.20,5.50,0.070,RISING
2026-09-22T11:46:47+00:00,koshi_chatara,4.60,6.00,7.50,-0.060,FALLING
2026-09-22T11:46:47+00:00,narayani_devghat,5.18,7.30,9.00,0.070,RISING
2026-09-22T11:46:47+00:00,melamchi_helambu,2.60,4.80,6.00,0.100,RISING
2026-09-22T11:46:47+00:00,west_rapti_kusum,2.95,5.40,6.80,-0.100,FALLING
2026-09-22T11:46:47+00:00,babai_chepang,3.61,6.10,7.40,0.080,RISING
2026-09-22T11:46:47+00:00,karnali_chisapani,6.31,10.00,12.00,-0.050,STEADY
2026-09-22T11:46:47+00:00,kamala_ranibas,2.36,4.50,5.80,-0.030,STEADY
2026-09-22T11:46:47+00:00,kankai_mainachuli,2.13,4.20,5.60,-0.000,STEADY
2026-09-22T11:46:47+00:00,hanumante_thimi,1.81,3.50,4.80,-0.020,STEADY
2026-09-22T11:46:47+00:00,manohara_jadibuti,1.96,4.00,5.20,-0.090,FALLING
2026-09-22T11:46:47+00:00,dhobikhola_anamnagar,1.40,3.20,4.20,-0.020,STEADY
2026-09-22T11:46:47+00:00,bishnumati_gongabu,1.63,3.80,5.00,0.110,RISING
2026-09-22T11:46:47+00:00,karmanasa_imadol,1.26,3.00,4.00,-0.040,STEADY
2026-09-22T11:46:47+00:00,bhotekoshi_barhabise,2.98,5.00,6.50,0.070,RISING
2026-09-22T11:46:47+00:00,seti_ramghat,3.87,6.50,8.50,0.020,STEADY
2026-09-22T16:24:20+00:00,bagmati_balkhu,3.15,5.50,7.00,-0.100,FALLING
2026-09-22T16:24:20+00:00,bagmati_gaurighat,4.12,6.80,8.00,-0.020,STEADY
2026-09-22T16:24:20+00:00,bagmati_sundarijal,2.65,4.50,5.80,-0.040,STEADY
2026-09-22T16:24:20+00:00,bagmati_chobhar,4.51,7.00,8.50,0.100,RISING
2026-09-22T16:24:20+00:00,nakkhu_lele,2.15,4.00,5.20,-0.070,FALLING
2026-09-22T16:24:20+00:00,roshi_panauti,2.16,4.20,5.50,0.000,STEADY
2026-09-22T16:24:20+00:00,koshi_chatara,4.86,6.00,7.50,-0.030,STEADY
2026-09-22T16:24:20+00:00,narayani_devghat,5.39,7.30,9.00,-0.030,STEADY
2026-09-22T16:24:20+00:00,melamchi_helambu,2.66,4.80,6.00,0.030,STEADY
2026-09-22T16:24:20+00:00,west_rapti_kusum,3.07,5.40,6.80,0.110,RISING
2026-09-22T16:24:20+00:00,babai_chepang,3.83,6.10,7.40,0.120,RISING
2026-09-22T16:24:20+00:00,karnali_chisapani,6.56,10.00,12.00,0.010,STEADY
2026-09-22T16:24:20+00:00,kamala_ranibas,2.47,4.50,5.80,-0.030,STEADY
2026-09-22T16:24:20+00:00,kankai_mainachuli,2.11,4.20,5.60,-0.070,FALLING
2026-09-22T16:24:20+00:00,hanumante_thimi,1.88,3.50,4.80,0.030,STEADY
2026-09-22T16:24:20+00:00,manohara_jadibuti,2.08,4.00,5.20,0.010,STEADY
2026-09-22T16:24:20+00:00,dhobikhola_anamnagar,1.58,3.20,4.20,0.050,STEADY
2026-09-22T16:24:20+00:00,bishnumati_gongabu,1.69,3.80,5.00,-0.000,STEADY
2026-09-22T16:24:20+00:00,karmanasa_imadol,1.26,3.00,4.00,-0.010,STEADY
2026-09-22T16:24:20+00:00,bhotekoshi_barhabise,3.16,5.00,6.50,0.080,RISING
2026-09-22T16:24:20+00:00,seti_ramghat,4.00,6.50,8.50,-0.030,STEADY
2026-09-22T19:49:23+00:00,bagmati_balkhu,3.28,5.50,7.00,0.100,RISING
2026-09-22T19:49:23+00:00,bagmati_gaurighat,4.06,6.80,8.00,0.110,RISING
2026-09-22T19:49:23+00:00,bagmati_sundarijal,2.53,4.50,5.80,0.140,RISING
2026-09-22T19:49:23+00:00,bagmati_chobhar,4.46,7.00,8.50,-0.040,STEADY
2026-09-22T19:49:23+00:00,nakkhu_lele,2.05,4.00,5.20,-0.020,STEADY
2026-09-22T19:49:23+00:00,roshi_panauti,2.37,4.20,5.50,-0.090,FALLING
2026-09-22T19:49:23+00:00,koshi_chatara,4.73,6.00,7.50,0.100,RISING
2026-09-22T19:49:23+00:00,narayani_devghat,5.37,7.30,9.00,-0.070,FALLING
2026-09-22T19:49:23+00:00,melamchi_helambu,2.80,4.80,6.00,0.110,RISING
2026-09-22T19:49:23+00:00,west_rapti_kusum,3.04,5.40,6.80,-0.080,FALLING
2026-09-22T19:49:23+00:00,babai_chepang,3.85,6.10,7.40,-0.080,FALLING
2026-09-22T19:49:23+00:00,karnali_chisapani,6.50,10.00,12.00,0.140,RISING
2026-09-22T19:49:23+00:00,kamala_ranibas,2.47,4.50,5.80,-0.060,FALLING
2026-09-22T19:49:23+00:00,kankai_mainachuli,2.25,4.20,5.60,0.090,RISING
2026-09-22T19:49:23+00:00,hanumante_thimi,2.01,3.50,4.80,-0.010,STEADY
2026-09-22T19:49:23+00:00,manohara_jadibuti,2.18,4.00,5.20,0.140,RISING
2026-09-22T19:49:23+00:00,dhobikhola_anamnagar,1.57,3.20,4.20,-0.010,STEADY
2026-09-22T19:49:23+00:00,bishnumati_gongabu,1.74,3.80,5.00,0.060,RISING
2026-09-22T19:49:23+00:00,karmanasa_imadol,1.50,3.00,4.00,0.020,STEADY
2026-09-22T19:49:23+00:00,bhotekoshi_barhabise,3.16,5.00,6.50,0.070,RISING
2026-09-22T19:49:23+00:00,seti_ramghat,4.10,6.50,8.50,0.090,RISING
2026-09-22T22:45:53+00:00,bagmati_balkhu,3.11,5.50,7.00,0.120,RISING
2026-09-22T22:45:53+00:00,bagmati_gaurighat,4.02,6.80,8.00,-0.000,STEADY
2026-09-22T22:45:53+00:00,bagmati_sundarijal,2.63,4.50,5.80,0.010,STEADY
2026-09-22T22:45:53+00:00,bagmati_chobhar,4.58,7.00,8.50,-0.020,STEADY
2026-09-22T22:45:53+00:00,nakkhu_lele,2.14,4.00,5.20,-0.040,STEADY
2026-09-22T22:45:53+00:00,roshi_panauti,2.25,4.20,5.50,0.040,STEADY
2026-09-22T22:45:53+00:00,koshi_chatara,4.90,6.00,7.50,-0.040,STEADY
2026-09-22T22:45:53+00:00,narayani_devghat,5.35,7.30,9.00,-0.040,STEADY
2026-09-22T22:45:53+00:00,melamchi_helambu,2.76,4.80,6.00,0.050,STEADY
2026-09-22T22:45:53+00:00,west_rapti_kusum,3.05,5.40,6.80,-0.010,STEADY
2026-09-22T22:45:53+00:00,babai_chepang,3.87,6.10,7.40,-0.050,STEADY
2026-09-22T22:45:53+00:00,karnali_chisapani,6.48,10.00,12.00,-0.090,FALLING
2026-09-22T22:45:53+00:00,kamala_ranibas,2.49,4.50,5.80,0.120,RISING
2026-09-22T22:45:53+00:00,kankai_mainachuli,2.29,4.20,5.60,0.040,STEADY
2026-09-22T22:45:53+00:00,hanumante_thimi,1.97,3.50,4.80,0.090,RISING
2026-09-22T22:45:53+00:00,manohara_jadibuti,2.17,4.00,5.20,0.030,STEADY
2026-09-22T22:45:53+00:00,dhobikhola_anamnagar,1.56,3.20,4.20,0.000,STEADY
2026-09-22T22:45:53+00:00,bishnumati_gongabu,1.78,3.80,5.00,0.150,RISING
2026-09-22T22:45:53+00:00,karmanasa_imadol,1.50,3.00,4.00,0.140,RISING
2026-09-22T22:45:53+00:00,bhotekoshi_barhabise,3.05,5.00,6.50,0.110,RISING
2026-09-22T22:45:53+00:00,seti_ramghat,4.13,6.50,8.50,0.020,STEADY
2026-09-23T06:22:52+00:00,bagmati_balkhu,3.22,5.50,7.00,0.040,STEADY
2026-09-23T06:22:52+00:00,bagmati_gaurighat,4.09,6.80,8.00,0.020,STEADY
2026-09-23T06:22:52+00:00,bagmati_sundarijal,2.46,4.50,5.80,0.030,STEADY
2026-09-23T06:22:52+00:00,bagmati_chobhar,4.54,7.00,8.50,0.110,RISING
2026-09-23T06:22:52+00:00,nakkhu_lele,1.96,4.00,5.20,0.020,STEADY
2026-09-23T06:22:52+00:00,roshi_panauti,2.28,4.20,5.50,0.100,RISING
2026-09-23T06:22:52+00:00,koshi_chatara,4.81,6.00,7.50,0.050,STEADY
2026-09-23T06:22:52+00:00,narayani_devghat,5.32,7.30,9.00,0.020,STEADY
2026-09-23T06:22:52+00:00,melamchi_helambu,2.72,4.80,6.00,0.080,RISING
2026-09-23T06:22:52+00:00,west_rapti_kusum,2.97,5.40,6.80,-0.060,FALLING
2026-09-23T06:22:52+00:00,babai_chepang,3.80,6.10,7.40,0.020,STEADY
2026-09-23T06:22:52+00:00,karnali_chisapani,6.37,10.00,12.00,0.140,RISING
2026-09-23T06:22:52+00:00,kamala_ranibas,2.53,4.50,5.80,-0.050,STEADY
2026-09-23T06:22:52+00:00,kankai_mainachuli,2.11,4.20,5.60,0.150,RISING
2026-09-23T06:22:52+00:00,hanumante_thimi,1.83,3.50,4.80,0.040,STEADY
2026-09-23T06:22:52+00:00,manohara_jadibuti,2.07,4.00,5.20,0.040,STEADY
2026-09-23T06:22:52+00:00,dhobikhola_anamnagar,1.55,3.20,4.20,0.040,STEADY
2026-09-23T06:22:52+00:00,bishnumati_gongabu,1.70,3.80,5.00,0.140,RISING
2026-09-23T06:22:52+00:00,karmanasa_imadol,1.39,3.00,4.00,-0.060,FALLING
2026-09-23T06:22:52+00:00,bhotekoshi_barhabise,3.01,5.00,6.50,0.070,RISING
2026-09-23T06:22:52+00:00,seti_ramghat,4.11,6.50,8.50,-0.030,STEADY
2026-09-23T11:57:30+00:00,bagmati_balkhu,3.00,5.50,7.00,0.130,RISING
2026-09-23T11:57:30+00:00,bagmati_gaurighat,3.93,6.80,8.00,0.000,STEADY
2026-09-23T11:57:30+00:00,bagmati_sundarijal,2.55,4.50,5.80,-0.020,STEADY
2026-09-23T11:57:30+00:00,bagmati_chobhar,4.43,7.00,8.50,0.110,RISING
2026-09-23T11:57:30+00:00,nakkhu_lele,1.91,4.00,5.20,0.050,STEADY
2026-09-23T11:57:30+00:00,roshi_panauti,2.09,4.20,5.50,-0.010,STEADY
2026-09-23T11:57:30+00:00,koshi_chatara,4.72,6.00,7.50,-0.040,STEADY
2026-09-23T11:57:30+00:00,narayani_devghat,5.19,7.30,9.00,0.020,STEADY
2026-09-23T11:57:30+00:00,melamchi_helambu,2.45,4.80,6.00,0.020,STEADY
2026-09-23T11:57:30+00:00,west_rapti_kusum,2.90,5.40,6.80,0.100,RISING
2026-09-23T11:57:30+00:00,babai_chepang,3.62,6.10,7.40,0.070,RISING
2026-09-23T11:57:30+00:00,karnali_chisapani,6.38,10.00,12.00,0.090,RISING
2026-09-23T11:57:30+00:00,kamala_ranibas,2.28,4.50,5.80,-0.010,STEADY
2026-09-23T11:57:30+00:00,kankai_mainachuli,2.11,4.20,5.60,0.090,RISING
2026-09-23T11:57:30+00:00,hanumante_thimi,1.70,3.50,4.80,0.080,RISING
2026-09-23T11:57:30+00:00,manohara_jadibuti,2.11,4.00,5.20,0.010,STEADY
2026-09-23T11:57:30+00:00,dhobikhola_anamnagar,1.48,3.20,4.20,0.030,STEADY
2026-09-23T11:57:30+00:00,bishnumati_gongabu,1.71,3.80,5.00,-0.040,STEADY
2026-09-23T11:57:30+00:00,karmanasa_imadol,1.30,3.00,4.00,-0.020,STEADY
2026-09-23T11:57:30+00:00,bhotekoshi_barhabise,2.98,5.00,6.50,0.110,RISING
2026-09-23T11:57:30+00:00,seti_ramghat,4.01,6.50,8.50,-0.080,FALLING
2026-09-23T16:34:01+00:00,bagmati_balkhu,3.22,5.50,7.00,-0.050,STEADY
2026-09-23T16:34:01+00:00,bagmati_gaurighat,4.13,6.80,8.00,-0.090,FALLING
2026-09-23T16:34:01+00:00,bagmati_sundarijal,2.63,4.50,5.80,0.030,STEADY
2026-09-23T16:34:01+00:00,bagmati_chobhar,4.54,7.00,8.50,0.110,RISING
2026-09-23T16:34:01+00:00,nakkhu_lele,2.03,4.00,5.20,0.040,STEADY
2026-09-23T16:34:01+00:00,roshi_panauti,2.23,4.20,5.50,-0.070,FALLING
2026-09-23T16:34:01+00:00,koshi_chatara,4.73,6.00,7.50,-0.070,FALLING
2026-09-23T16:34:01+00:00,narayani_devghat,5.33,7.30,9.00,0.040,STEADY
2026-09-23T16:34:01+00:00,melamchi_helambu,2.61,4.80,6.00,0.020,STEADY
2026-09-23T16:34:01+00:00,west_rapti_kusum,2.96,5.40,6.80,0.050,STEADY
2026-09-23T16:34:01+00:00,babai_chepang,3.81,6.10,7.40,0.090,RISING
2026-09-23T16:34:01+00:00,karnali_chisapani,6.45,10.00,12.00,0.010,STEADY
2026-09-23T16:34:01+00:00,kamala_ranibas,2.53,4.50,5.80,-0.020,STEADY
2026-09-23T16:34:01+00:00,kankai_mainachuli,2.12,4.20,5.60,0.030,STEADY
2026-09-23T16:34:01+00:00,hanumante_thimi,1.89,3.50,4.80,0.110,RISING
2026-09-23T16:34:01+00:00,manohara_jadibuti,2.16,4.00,5.20,0.110,RISING
2026-09-23T16:34:01+00:00,dhobikhola_anamnagar,1.62,3.20,4.20,-0.100,FALLING
2026-09-23T16:34:01+00:00,bishnumati_gongabu,1.71,3.80,5.00,0.010,STEADY
2026-09-23T16:34:01+00:00,karmanasa_imadol,1.42,3.00,4.00,-0.000,STEADY
2026-09-23T16:34:01+00:00,bhotekoshi_barhabise,3.14,5.00,6.50,-0.090,FALLING
2026-09-23T16:34:01+00:00,seti_ramghat,4.00,6.50,8.50,0.080,RISING
2026-09-23T19:49:25+00:00,bagmati_balkhu,3.32,5.50,7.00,0.140,RISING
2026-09-23T19:49:25+00:00,bagmati_gaurighat,4.07,6.80,8.00,-0.090,FALLING
2026-09-23T19:49:25+00:00,bagmati_sundarijal,2.67,4.50,5.80,0.110,RISING
2026-09-23T19:49:25+00:00,bagmati_chobhar,4.44,7.00,8.50,0.020,STEADY
2026-09-23T19:49:25+00:00,nakkhu_lele,2.13,4.00,5.20,0.080,RISING
2026-09-23T19:49:25+00:00,roshi_panauti,2.28,4.20,5.50,-0.080,FALLING
2026-09-23T19:49:25+00:00,koshi_chatara,4.87,6.00,7.50,-0.040,STEADY
2026-09-23T19:49:25+00:00,narayani_devghat,5.44,7.30,9.00,-0.100,FALLING
2026-09-23T19:49:25+00:00,melamchi_helambu,2.73,4.80,6.00,-0.050,STEADY
2026-09-23T19:49:25+00:00,west_rapti_kusum,3.03,5.40,6.80,0.050,STEADY
2026-09-23T19:49:25+00:00,babai_chepang,3.86,6.10,7.40,-0.060,FALLING
2026-09-23T19:49:25+00:00,karnali_chisapani,6.59,10.00,12.00,-0.050,STEADY
2026-09-23T19:49:25+00:00,kamala_ranibas,2.49,4.50,5.80,-0.070,FALLING
2026-09-23T19:49:25+00:00,kankai_mainachuli,2.27,4.20,5.60,0.140,RISING
2026-09-23T19:49:25+00:00,hanumante_thimi,1.96,3.50,4.80,0.120,RISING
2026-09-23T19:49:25+00:00,manohara_jadibuti,2.16,4.00,5.20,0.070,RISING
2026-09-23T19:49:25+00:00,dhobikhola_anamnagar,1.60,3.20,4.20,-0.020,STEADY
2026-09-23T19:49:25+00:00,bishnumati_gongabu,1.88,3.80,5.00,0.020,STEADY
2026-09-23T19:49:25+00:00,karmanasa_imadol,1.49,3.00,4.00,0.000,STEADY
2026-09-23T19:49:25+00:00,bhotekoshi_barhabise,3.06,5.00,6.50,0.120,RISING
2026-09-23T19:49:25+00:00,seti_ramghat,4.15,6.50,8.50,-0.080,FALLING
2026-09-23T22:43:49+00:00,bagmati_balkhu,3.21,5.50,7.00,-0.040,STEADY
2026-09-23T22:43:49+00:00,bagmati_gaurighat,4.05,6.80,8.00,0.010,STEADY
2026-09-23T22:43:49+00:00,bagmati_sundarijal,2.65,4.50,5.80,-0.080,FALLING
2026-09-23T22:43:49+00:00,bagmati_chobhar,4.56,7.00,8.50,0.050,STEADY
2026-09-23T22:43:49+00:00,nakkhu_lele,2.17,4.00,5.20,-0.020,STEADY
2026-09-23T22:43:49+00:00,roshi_panauti,2.29,4.20,5.50,0.090,RISING
2026-09-23T22:43:49+00:00,koshi_chatara,4.83,6.00,7.50,-0.040,STEADY
2026-09-23T22:43:49+00:00,narayani_devghat,5.48,7.30,9.00,-0.090,FALLING
2026-09-23T22:43:49+00:00,melamchi_helambu,2.79,4.80,6.00,0.110,RISING
2026-09-23T22:43:49+00:00,west_rapti_kusum,3.02,5.40,6.80,0.080,RISING
2026-09-23T22:43:49+00:00,babai_chepang,3.72,6.10,7.40,-0.010,STEADY
2026-09-23T22:43:49+00:00,karnali_chisapani,6.60,10.00,12.00,0.070,RISING
2026-09-23T22:43:49+00:00,kamala_ranibas,2.45,4.50,5.80,0.120,RISING
2026-09-23T22:43:49+00:00,kankai_mainachuli,2.13,4.20,5.60,-0.070,FALLING
2026-09-23T22:43:49+00:00,hanumante_thimi,1.84,3.50,4.80,0.030,STEADY
2026-09-23T22:43:49+00:00,manohara_jadibuti,2.18,4.00,5.20,0.150,RISING
2026-09-23T22:43:49+00:00,dhobikhola_anamnagar,1.52,3.20,4.20,-0.030,STEADY
2026-09-23T22:43:49+00:00,bishnumati_gongabu,1.88,3.80,5.00,0.100,RISING
2026-09-23T22:43:49+00:00,karmanasa_imadol,1.44,3.00,4.00,-0.030,STEADY
2026-09-23T22:43:49+00:00,bhotekoshi_barhabise,3.03,5.00,6.50,0.140,RISING
2026-09-23T22:43:49+00:00,seti_ramghat,4.12,6.50,8.50,0.040,STEADY
2026-09-24T00:54:58+00:00,bagmati_balkhu,3.16,5.50,7.00,0.030,STEADY
2026-09-24T00:54:58+00:00,bagmati_gaurighat,4.11,6.80,8.00,-0.090,FALLING
2026-09-24T00:54:58+00:00,bagmati_sundarijal,2.67,4.50,5.80,-0.040,STEADY
2026-09-24T00:54:58+00:00,bagmati_chobhar,4.53,7.00,8.50,-0.010,STEADY
2026-09-24T00:54:58+00:00,nakkhu_lele,2.02,4.00,5.20,-0.060,FALLING
2026-09-24T00:54:58+00:00,roshi_panauti,2.32,4.20,5.50,-0.070,FALLING
2026-09-24T00:54:58+00:00,koshi_chatara,4.82,6.00,7.50,-0.030,STEADY
2026-09-24T00:54:58+00:00,narayani_devghat,5.42,7.30,9.00,-0.060,FALLING
2026-09-24T00:54:58+00:00,melamchi_helambu,2.80,4.80,6.00,0.000,STEADY
2026-09-24T00:54:58+00:00,west_rapti_kusum,3.06,5.40,6.80,-0.010,STEADY
2026-09-24T00:54:58+00:00,babai_chepang,3.90,6.10,7.40,-0.090,FALLING
2026-09-24T00:54:58+00:00,karnali_chisapani,6.43,10.00,12.00,-0.050,STEADY
2026-09-24T00:54:58+00:00,kamala_ranibas,2.49,4.50,5.80,-0.080,FALLING
2026-09-24T00:54:58+00:00,kankai_mainachuli,2.19,4.20,5.60,-0.080,FALLING
2026-09-24T00:54:58+00:00,hanumante_thimi,1.97,3.50,4.80,0.010,STEADY
2026-09-24T00:54:58+00:00,manohara_jadibuti,2.15,4.00,5.20,0.010,STEADY
2026-09-24T00:54:58+00:00,dhobikhola_anamnagar,1.54,3.20,4.20,0.050,STEADY
2026-09-24T00:54:58+00:00,bishnumati_gongabu,1.77,3.80,5.00,0.120,RISING
2026-09-24T00:54:58+00:00,karmanasa_imadol,1.48,3.00,4.00,-0.060,FALLING
2026-09-24T00:54:58+00:00,bhotekoshi_barhabise,3.09,5.00,6.50,0.120,RISING
2026-09-24T00:54:58+00:00,seti_ramghat,4.04,6.50,8.50,0.150,RISING
2026-09-24T05:53:40+00:00,bagmati_balkhu,3.00,5.50,7.00,0.050,STEADY
2026-09-24T05:53:40+00:00,bagmati_gaurighat,3.96,6.80,8.00,0.110,RISING
2026-09-24T05:53:40+00:00,bagmati_sundarijal,2.44,4.50,5.80,0.110,RISING
2026-09-24T05:53:40+00:00,bagmati_chobhar,4.43,7.00,8.50,0.110,RISING
2026-09-24T05:53:40+00:00,nakkhu_lele,1.96,4.00,5.20,-0.010,STEADY
2026-09-24T05:53:40+00:00,roshi_panauti,2.19,4.20,5.50,0.120,RISING
2026-09-24T05:53:40+00:00,koshi_chatara,4.59,6.00,7.50,0.130,RISING
2026-09-24T05:53:40+00:00,narayani_devghat,5.31,7.30,9.00,-0.060,FALLING
2026-09-24T05:53:40+00:00,melamchi_helambu,2.58,4.80,6.00,0.000,STEADY
2026-09-24T05:53:40+00:00,west_rapti_kusum,2.92,5.40,6.80,-0.080,FALLING
2026-09-24T05:53:40+00:00,babai_chepang,3.66,6.10,7.40,-0.030,STEADY
2026-09-24T05:53:40+00:00,karnali_chisapani,6.44,10.00,12.00,0.020,STEADY
2026-09-24T05:53:40+00:00,kamala_ranibas,2.27,4.50,5.80,-0.070,FALLING
2026-09-24T05:53:40+00:00,kankai_mainachuli,2.08,4.20,5.60,-0.060,FALLING
2026-09-24T05:53:40+00:00,hanumante_thimi,1.83,3.50,4.80,-0.040,STEADY
2026-09-24T05:53:40+00:00,manohara_jadibuti,2.13,4.00,5.20,0.060,RISING
2026-09-24T05:53:40+00:00,dhobikhola_anamnagar,1.50,3.20,4.20,0.020,STEADY
2026-09-24T05:53:40+00:00,bishnumati_gongabu,1.59,3.80,5.00,-0.030,STEADY
2026-09-24T05:53:40+00:00,karmanasa_imadol,1.16,3.00,4.00,0.070,RISING
2026-09-24T05:53:40+00:00,bhotekoshi_barhabise,3.04,5.00,6.50,0.130,RISING
2026-09-24T05:53:40+00:00,seti_ramghat,4.00,6.50,8.50,-0.080,FALLING
2026-09-24T11:13:05+00:00,bagmati_balkhu,3.03,5.50,7.00,-0.010,STEADY
2026-09-24T11:13:05+00:00,bagmati_gaurighat,3.96,6.80,8.00,-0.040,STEADY
2026-09-24T11:13:05+00:00,bagmati_sundarijal,2.50,4.50,5.80,-0.010,STEADY
2026-09-24T11:13:05+00:00,bagmati_chobhar,4.44,7.00,8.50,-0.040,STEADY
2026-09-24T11:13:05+00:00,nakkhu_lele,1.92,4.00,5.20,-0.000,STEADY
2026-09-24T11:13:05+00:00,roshi_panauti,2.20,4.20,5.50,-0.100,FALLING
2026-09-24T11:13:05+00:00,koshi_chatara,4.60,6.00,7.50,0.130,RISING
2026-09-24T11:13:05+00:00,narayani_devghat,5.16,7.30,9.00,0.030,STEADY
2026-09-24T11:13:05+00:00,melamchi_helambu,2.50,4.80,6.00,-0.090,FALLING
2026-09-24T11:13:05+00:00,west_rapti_kusum,2.87,5.40,6.80,-0.040,STEADY
2026-09-24T11:13:05+00:00,babai_chepang,3.63,6.10,7.40,-0.000,STEADY
2026-09-24T11:13:05+00:00,karnali_chisapani,6.31,10.00,12.00,0.030,STEADY
2026-09-24T11:13:05+00:00,kamala_ranibas,2.36,4.50,5.80,-0.010,STEADY
2026-09-24T11:13:05+00:00,kankai_mainachuli,2.13,4.20,5.60,0.120,RISING
2026-09-24T11:13:05+00:00,hanumante_thimi,1.77,3.50,4.80,0.060,RISING
2026-09-24T11:13:05+00:00,manohara_jadibuti,2.15,4.00,5.20,0.070,RISING
2026-09-24T11:13:05+00:00,dhobikhola_anamnagar,1.47,3.20,4.20,0.030,STEADY
2026-09-24T11:13:05+00:00,bishnumati_gongabu,1.64,3.80,5.00,0.020,STEADY
2026-09-24T11:13:05+00:00,karmanasa_imadol,1.24,3.00,4.00,0.140,RISING
2026-09-24T11:13:05+00:00,bhotekoshi_barhabise,2.85,5.00,6.50,0.020,STEADY
2026-09-24T11:13:05+00:00,seti_ramghat,3.95,6.50,8.50,0.080,RISING
2026-09-24T15:50:14+00:00,bagmati_balkhu,3.38,5.50,7.00,-0.040,STEADY
2026-09-24T15:50:14+00:00,bagmati_gaurighat,4.19,6.80,8.00,0.000,STEADY
2026-09-24T15:50:14+00:00,bagmati_sundarijal,2.75,4.50,5.80,-0.090,FALLING
2026-09-24T15:50:14+00:00,bagmati_chobhar,4.56,7.00,8.50,-0.050,STEADY
2026-09-24T15:50:14+00:00,nakkhu_lele,2.21,4.00,5.20,0.050,STEADY
2026-09-24T15:50:14+00:00,roshi_panauti,2.43,4.20,5.50,-0.070,FALLING
2026-09-24T15:50:14+00:00,koshi_chatara,4.89,6.00,7.50,-0.070,FALLING
2026-09-24T15:50:14+00:00,narayani_devghat,5.54,7.30,9.00,-0.090,FALLING
2026-09-24T15:50:14+00:00,melamchi_helambu,2.84,4.80,6.00,0.100,RISING
2026-09-24T15:50:14+00:00,west_rapti_kusum,3.19,5.40,6.80,-0.050,STEADY
2026-09-24T15:50:14+00:00,babai_chepang,3.95,6.10,7.40,-0.020,STEADY
2026-09-24T15:50:14+00:00,karnali_chisapani,6.57,10.00,12.00,0.100,RISING
2026-09-24T15:50:14+00:00,kamala_ranibas,2.56,4.50,5.80,0.100,RISING
2026-09-24T15:50:14+00:00,kankai_mainachuli,2.35,4.20,5.60,-0.020,STEADY
2026-09-24T15:50:14+00:00,hanumante_thimi,1.97,3.50,4.80,-0.050,STEADY
2026-09-24T15:50:14+00:00,manohara_jadibuti,2.29,4.00,5.20,-0.060,FALLING
2026-09-24T15:50:14+00:00,dhobikhola_anamnagar,1.72,3.20,4.20,-0.080,FALLING
2026-09-24T15:50:14+00:00,bishnumati_gongabu,1.96,3.80,5.00,0.080,RISING
2026-09-24T15:50:14+00:00,karmanasa_imadol,1.56,3.00,4.00,0.050,STEADY
2026-09-24T15:50:14+00:00,bhotekoshi_barhabise,3.21,5.00,6.50,0.050,STEADY
2026-09-24T15:50:14+00:00,seti_ramghat,4.12,6.50,8.50,0.110,RISING
2026-09-24T19:49:38+00:00,bagmati_balkhu,3.26,5.50,7.00,-0.080,FALLING
2026-09-24T19:49:38+00:00,bagmati_gaurighat,4.07,6.80,8.00,0.120,RISING
2026-09-24T19:49:38+00:00,bagmati_sundarijal,2.63,4.50,5.80,0.100,RISING
2026-09-24T19:49:38+00:00,bagmati_chobhar,4.44,7.00,8.50,-0.050,STEADY
2026-09-24T19:49:38+00:00,nakkhu_lele,2.18,4.00,5.20,0.040,STEADY
2026-09-24T19:49:38+00:00,roshi_panauti,2.25,4.20,5.50,0.130,RISING
2026-09-24T19:49:38+00:00,koshi_chatara,4.87,6.00,7.50,-0.080,FALLING
2026-09-24T19:49:38+00:00,narayani_devghat,5.45,7.30,9.00,0.020,STEADY
2026-09-24T19:49:38+00:00,melamchi_helambu,2.68,4.80,6.00,0.100,RISING
2026-09-24T19:49:38+00:00,west_rapti_kusum,3.18,5.40,6.80,-0.050,STEADY
2026-09-24T19:49:38+00:00,babai_chepang,3.91,6.10,7.40,-0.020,STEADY
2026-09-24T19:49:38+00:00,karnali_chisapani,6.52,10.00,12.00,-0.090,FALLING
2026-09-24T19:49:38+00:00,kamala_ranibas,2.58,4.50,5.80,0.090,RISING
2026-09-24T19:49:38+00:00,kankai_mainachuli,2.28,4.20,5.60,0.040,STEADY
2026-09-24T19:49:38+00:00,hanumante_thimi,1.86,3.50,4.80,0.100,RISING
2026-09-24T19:49:38+00:00,manohara_jadibuti,2.30,4.00,5.20,0.140,RISING
2026-09-24T19:49:38+00:00,dhobikhola_anamnagar,1.71,3.20,4.20,0.020,STEADY
2026-09-24T19:49:38+00:00,bishnumati_gongabu,1.73,3.80,5.00,-0.060,FALLING
2026-09-24T19:49:38+00:00,karmanasa_imadol,1.35,3.00,4.00,0.080,RISING
2026-09-24T19:49:38+00:00,bhotekoshi_barhabise,3.09,5.00,6.50,-0.080,FALLING
2026-09-24T19:49:38+00:00,seti_ramghat,4.19,6.50,8.50,-0.090,FALLING
2026-09-24T23:02:31+00:00,bagmati_balkhu,3.00,5.50,7.00,-0.070,FALLING
2026-09-24T23:02:31+00:00,bagmati_gaurighat,4.01,6.80,8.00,-0.030,STEADY
2026-09-24T23:02:31+00:00,bagmati_sundarijal,2.44,4.50,5.80,0.080,RISING
2026-09-24T23:02:31+00:00,bagmati_chobhar,4.40,7.00,8.50,-0.050,STEADY
2026-09-24T23:02:31+00:00,nakkhu_lele,1.96,4.00,5.20,0.110,RISING
2026-09-24T23:02:31+00:00,roshi_panauti,2.12,4.20,5.50,0.010,STEADY
2026-09-24T23:02:31+00:00,koshi_chatara,4.64,6.00,7.50,0.020,STEADY
2026-09-24T23:02:31+00:00,narayani_devghat,5.30,7.30,9.00,0.030,STEADY
2026-09-24T23:02:31+00:00,melamchi_helambu,2.53,4.80,6.00,0.050,STEADY
2026-09-24T23:02:31+00:00,west_rapti_kusum,3.01,5.40,6.80,0.110,RISING
2026-09-24T23:02:31+00:00,babai_chepang,3.61,6.10,7.40,0.040,STEADY
2026-09-24T23:02:31+00:00,karnali_chisapani,6.34,10.00,12.00,0.040,STEADY
2026-09-24T23:02:31+00:00,kamala_ranibas,2.34,4.50,5.80,-0.070,FALLING
2026-09-24T23:02:31+00:00,kankai_mainachuli,2.04,4.20,5.60,0.110,RISING
2026-09-24T23:02:31+00:00,hanumante_thimi,1.74,3.50,4.80,-0.050,STEADY
2026-09-24T23:02:31+00:00,manohara_jadibuti,2.06,4.00,5.20,0.040,STEADY
2026-09-24T23:02:31+00:00,dhobikhola_anamnagar,1.44,3.20,4.20,0.020,STEADY
2026-09-24T23:02:31+00:00,bishnumati_gongabu,1.61,3.80,5.00,0.020,STEADY
2026-09-24T23:02:31+00:00,karmanasa_imadol,1.20,3.00,4.00,0.090,RISING
2026-09-24T23:02:31+00:00,bhotekoshi_barhabise,2.90,5.00,6.50,0.080,RISING
2026-09-24T23:02:31+00:00,seti_ramghat,3.90,6.50,8.50,0.030,STEADY
